reaction_id;direction;kcat
5FTHFPGS;forward;20088.0
5FTHFPGS;backward;0.0
5FTHFabc;forward;5976.0
5FTHFabc;backward;0.0
ACALDt;forward;10000000000.0
ACALDt;backward;10000000000.0
ACKr;forward;5228099.28
ACKr;backward;2358300.5999999996
ACPPAT;forward;74520.0
ACPPAT;backward;177.84
ACPS;forward;2708.64
ACPS;backward;0.0
ACP_transl;forward;45000
ACP_transl;backward;0.0
ACt;forward;10000000000.0
ACt;backward;10000000000.0
ADEt2;forward;10000000000.0
ADEt2;backward;0.0
ADK1;forward;1148960.16
ADK1;backward;2819831.7600000002
ADNabc;forward;7200.0
ADNabc;backward;0.0
ADPT;forward;23699.52
ADPT;backward;0.0
AGDC;forward;45000
AGDC;backward;0.0
AGPAT;forward;17496.0
AGPAT;backward;0.0
AHCi;forward;45000
AHCi;backward;0.0
ALA4P;forward;45000
ALA4P;backward;0.0
ALA4abc;forward;360000
ALA4abc;backward;0.0
ALATRS;forward;45000
ALATRS;backward;0.0
ALAt2r;forward;360000
ALAt2r;backward;0.0
AMANK;forward;45000
AMANK;backward;0.0
AMANPEr;forward;45000
AMANPEr;backward;45000
AMANabc;forward;10000000000.0
AMANabc;backward;0.0
APG3PAT;forward;30596.040000000005
APG3PAT;backward;0.0
ARG4P;forward;45000
ARG4P;backward;0.0
ARG4abc;forward;360000
ARG4abc;backward;0.0
ARGTRS;forward;45000
ARGTRS;backward;0.0
ARGt2r;forward;360000
ARGt2r;backward;0.0
ASN4P;forward;45000
ASN4P;backward;0.0
ASN4abc;forward;360000
ASN4abc;backward;0.0
ASNTRS;forward;45000
ASNTRS;backward;0.0
ASNt2r;forward;360000
ASNt2r;backward;0.0
ASP4P;forward;45000
ASP4P;backward;0.0
ASP4abc;forward;360000
ASP4abc;backward;0.0
ASPTRS;forward;45000
ASPTRS;backward;0.0
ASPt2pr;forward;360000
ASPt2pr;backward;0.0
ATPase;forward;0.0
ATPase;backward;260399.999988
BPNT;forward;25813.08
BPNT;backward;0.0
CA2abc;forward;34200.0
CA2abc;backward;0.0
CHOLt;forward;10000000000.0
CHOLt;backward;10000000000.0
CLPNS;forward;432069.48
CLPNS;backward;0.0
CLt;forward;10000000000.0
CLt;backward;10000000000.0
CO2t;forward;10000000000.0
CO2t;backward;10000000000.0
COAabc;forward;360000
COAabc;backward;0.0
CTPDP;forward;45000
CTPDP;backward;0.0
CTPS2;forward;7920.000000000001
CTPS2;backward;0.0
CTPSDUMP;forward;17649.72
CTPSDUMP;backward;0.0
CYSTRS;forward;45000
CYSTRS;backward;0.0
CYSt2r;forward;360000
CYSt2r;backward;0.0
CYTDabc;forward;360000
CYTDabc;backward;0.0
CYTK1;forward;66470.4
CYTK1;backward;19497.600000000002
CYTK2;forward;66837.59999999999
CYTK2;backward;19390.32
DADK;forward;10486.44
DADK;backward;12358.764000000001
DADNK;forward;5328.0
DADNK;backward;0.0
DADNabc;forward;2520.0
DADNabc;backward;0.0
DAGGALT;forward;37908.0
DAGGALT;backward;0.0
DAGPST;forward;302472.0
DAGPST;backward;0.0
DASYN;forward;23338.44
DASYN;backward;0.0
DCDPMP;forward;45000
DCDPMP;backward;0.0
DCMPDA;forward;248400.0
DCMPDA;backward;0.0
DCTPDP;forward;45000
DCTPDP;backward;0.0
DCTPMP;forward;45000
DCTPMP;backward;0.0
DCYTK;forward;6480.0
DCYTK;backward;0.0
DCYTabc;forward;1800.0
DCYTabc;backward;0.0
DGK1;forward;1476653.4000000001
DGK1;backward;2995193.16
DGSNK;forward;8100.0
DGSNK;backward;0.0
DGSNabc;forward;2520.0
DGSNabc;backward;0.0
DNAP;forward;45000
DNAP;backward;0.0
DRPA;forward;1875600.0
DRPA;backward;122400.0
DURIK1;forward;69572.16
DURIK1;backward;0.0
DURIabc;forward;360000
DURIabc;backward;0.0
DUTPDP;forward;13752.0
DUTPDP;backward;0.0
ENO;forward;223857.0
ENO;backward;84430.8
FAKr;forward;269574.12
FAKr;backward;821860.92
FAt;forward;10000000000.0
FAt;backward;10000000000.0
FBA;forward;75600.0
FBA;backward;45360.0
FMETTRS;forward;36252.0
FMETTRS;backward;0.0
FMNAT;forward;24912.0
FMNAT;backward;0.0
FORt;forward;10000000000.0
FORt;backward;10000000000.0
FTHFCL;forward;23544.0
FTHFCL;backward;0.0
G6PDA;forward;45000
G6PDA;backward;45000
GALU;forward;131596.91999999998
GALU;backward;21073.68
GAMpts;forward;360000
GAMpts;backward;0.0
GAPD;forward;1591200.0
GAPD;backward;264960.0
GAPDP;forward;67824.0
GAPDP;backward;0.0
GHMT;forward;2304000.0
GHMT;backward;83422.79999999999
GHMT2;forward;61776.0
GHMT2;backward;0.0
GK1;forward;1476816.48
GK1;backward;460515.60000000003
GLCpts;forward;360000
GLCpts;backward;0.0
GLN4P;forward;45000
GLN4P;backward;0.0
GLN4abc;forward;360000
GLN4abc;backward;0.0
GLNTRAT;forward;39960.0
GLNTRAT;backward;0.0
GLNTRAT2;forward;26856.0
GLNTRAT2;backward;0.0
GLNt2r;forward;360000
GLNt2r;backward;0.0
GLU4P;forward;45000
GLU4P;backward;0.0
GLU4abc;forward;360000
GLU4abc;backward;0.0
GLUTRS;forward;45000
GLUTRS;backward;0.0
GLUTRS_Gln;forward;45000
GLUTRS_Gln;backward;0.0
GLUt2pr;forward;360000
GLUt2pr;backward;0.0
GLY4P;forward;45000
GLY4P;backward;0.0
GLY4abc;forward;360000
GLY4abc;backward;0.0
GLYCt;forward;10000000000.0
GLYCt;backward;10000000000.0
GLYK;forward;11809178.28
GLYK;backward;0.0
GLYTRS;forward;45000
GLYTRS;backward;0.0
GLYt2r;forward;360000
GLYt2r;backward;0.0
GSNabc;forward;3600.0
GSNabc;backward;0.0
GUAPRT;forward;52184.88
GUAPRT;backward;0.0
GUAt2;forward;10000000000.0
GUAt2;backward;0.0
H2Ot;forward;10000000000.0
H2Ot;backward;10000000000.0
HCYSt;forward;10000000000.0
HCYSt;backward;0.0
HIS4P;forward;45000
HIS4P;backward;0.0
HIS4abc;forward;360000
HIS4abc;backward;0.0
HISTRS;forward;45000
HISTRS;backward;0.0
HISt2r;forward;360000
HISt2r;backward;0.0
Ht;forward;10000000000.0
Ht;backward;0.0
ILETRS;forward;45000
ILETRS;backward;0.0
ISO4P;forward;45000
ISO4P;backward;0.0
ISO4abc;forward;360000
ISO4abc;backward;0.0
ISOt2r;forward;360000
ISOt2r;backward;0.0
Kt6;forward;10800.0
Kt6;backward;0.0
LDH_L;forward;1398484.8
LDH_L;backward;1440758.16
LEU4P;forward;45000
LEU4P;backward;0.0
LEU4abc;forward;360000
LEU4abc;backward;0.0
LEUTRS;forward;45000
LEUTRS;backward;0.0
LEUt2r;forward;360000
LEUt2r;backward;0.0
LIPTA;forward;360000
LIPTA;backward;0.0
LYS4P;forward;45000
LYS4P;backward;0.0
LYS4abc;forward;360000
LYS4abc;backward;0.0
LYSTRS;forward;45000
LYSTRS;backward;0.0
LYSt2r;forward;360000
LYSt2r;backward;0.0
L_LACt2r;forward;10000000000.0
L_LACt2r;backward;10000000000.0
MAN6PI;forward;45000
MAN6PI;backward;45000
MANpts;forward;360000
MANpts;backward;0.0
MAT;forward;45000
MAT;backward;0.0
MET4P;forward;45000
MET4P;backward;0.0
MET4abc;forward;360000
MET4abc;backward;0.0
METTRS;forward;45000
METTRS;backward;0.0
METt2r;forward;360000
METt2r;backward;0.0
MG2abc;forward;79200.0
MG2abc;backward;0.0
MTHFC;forward;666000.0
MTHFC;backward;54654.119999999995
MTHFD;forward;70016.76000000001
MTHFD;backward;11520.0
NACabc;forward;5976.0
NACabc;backward;0.0
NADHK;forward;112825.79999999999
NADHK;backward;0.0
NADK;forward;4896.0
NADK;backward;0.0
NADS;forward;163.44
NADS;backward;0.0
NAt;forward;10000000000.0
NAt;backward;0.0
NAt3;forward;10000000000.0
NAt3;backward;0.0
NCTPPRT;forward;28224.0
NCTPPRT;backward;0.0
NH3t;forward;10000000000.0
NH3t;backward;10000000000.0
NNATr;forward;13205.52
NNATr;backward;0.0
NOX;forward;5472729.0
NOX;backward;0.0
NTD1;forward;828.0
NTD1;backward;0.0
NTD5;forward;3960.0000000000005
NTD5;backward;0.0
NTD6;forward;3600.0
NTD6;backward;0.0
NTD8;forward;4320.0
NTD8;backward;0.0
NTD9;forward;45000
NTD9;backward;0.0
O2t;forward;10000000000.0
O2t;backward;10000000000.0
P5Pabc;forward;5976.0
P5Pabc;backward;0.0
PAPA;forward;159648.12
PAPA;backward;0.0
PDH_E1;forward;45000
PDH_E1;backward;0.0
PDH_E2;forward;49572.0
PDH_E2;backward;0.0
PDH_E3;forward;396000.0
PDH_E3;backward;0.0
PDH_acald;forward;137340.36000000002
PDH_acald;backward;0.0
PFK;forward;399600.0
PFK;backward;0.0
PGI;forward;2895618.2399999998
PGI;backward;2340000.0
PGK;forward;792000.0
PGK;backward;12240.0
PGK2;forward;134640.0
PGK2;backward;277.184640709908
PGK3;forward;506880.00000000006
PGK3;backward;108.77139545773319
PGK4;forward;126720.00000000001
PGK4;backward;260.8796618446212
PGM;forward;1562400.0
PGM;backward;50400.0
PGMT;forward;2404.8
PGMT;backward;16305.84
PGPP;forward;45468.0
PGPP;backward;0.0
PGSA;forward;27396.0
PGSA;backward;0.0
PHE4P;forward;45000
PHE4P;backward;0.0
PHE4abc;forward;360000
PHE4abc;backward;0.0
PHETRS;forward;45000
PHETRS;backward;0.0
PHEt2r;forward;360000
PHEt2r;backward;0.0
PIabc;forward;90000.0
PIabc;backward;0.0
PPA;forward;2328217.5599999996
PPA;backward;0.0
PPM;forward;28404.72
PPM;backward;295.91999999999996
PPM2;forward;622800.0
PPM2;backward;36723.6
PRO4P;forward;45000
PRO4P;backward;0.0
PRO4abc;forward;360000
PRO4abc;backward;0.0
PROTRS;forward;45000
PROTRS;backward;0.0
PROt2r;forward;360000
PROt2r;backward;0.0
PRPPS;forward;108797.4
PRPPS;backward;39449.159999999996
PSSYN;forward;27180.0
PSSYN;backward;0.0
PTAr;forward;3225363.12
PTAr;backward;5432680.08
PUNP1;forward;94597.92
PUNP1;backward;395443.07999999996
PUNP2;forward;47880.0
PUNP2;backward;395438.04000000004
PUNP3;forward;94454.28
PUNP3;backward;395487.36000000004
PUNP4;forward;92510.28
PUNP4;backward;396095.04
PYK;forward;11534400.0
PYK;backward;0.0
PYK2;forward;1268784.0
PYK2;backward;0.0
PYK3;forward;2422224.0
PYK3;backward;0.0
PYK4;forward;1960847.9999999998
PYK4;backward;0.0
PYK5;forward;2076192.0
PYK5;backward;0.0
PYK6;forward;2998944.0
PYK6;backward;0.0
PYK7;forward;1499472.0
PYK7;backward;0.0
PYK8;forward;576720.0
PYK8;backward;0.0
PYK9;forward;115344.0
PYK9;backward;0.0
PYRt2r;forward;10000000000.0
PYRt2r;backward;10000000000.0
PdhC_transl;forward;45000
PdhC_transl;backward;0.0
Protein_degrad;forward;6948.0
Protein_degrad;backward;0.0
Protein_transl;forward;45000
Protein_transl;backward;0.0
RBFK;forward;4606.56
RBFK;backward;0.0
RIBFLVabc;forward;5976.0
RIBFLVabc;backward;0.0
RNAP;forward;45000
RNAP;backward;0.0
RNA_degrad;forward;45000
RNA_degrad;backward;0.0
RNDR1;forward;46872.0
RNDR1;backward;0.0
RNDR2;forward;46872.0
RNDR2;backward;0.0
RNDR3;forward;46044.0
RNDR3;backward;0.0
RNDR4;forward;46872.0
RNDR4;backward;0.0
RPE;forward;4813678.8
RPE;backward;4685951.16
RPI;forward;36000.0
RPI;backward;3600.0
SER4P;forward;45000
SER4P;backward;0.0
SER4abc;forward;360000
SER4abc;backward;0.0
SERTRS;forward;45000
SERTRS;backward;0.0
SERt2r;forward;360000
SERt2r;backward;0.0
SPRMabc;forward;10800.0
SPRMabc;backward;0.0
TAGt;forward;10000000000.0
TAGt;backward;10000000000.0
TALA;forward;80280.0
TALA;backward;1944.0000000000002
THMDabc;forward;2700.0
THMDabc;backward;0.0
THMPPabc;forward;5976.0
THMPPabc;backward;0.0
THR4P;forward;45000
THR4P;backward;0.0
THR4abc;forward;360000
THR4abc;backward;0.0
THRTRS;forward;45000
THRTRS;backward;0.0
THRt2r;forward;360000
THRt2r;backward;0.0
TKT1;forward;74088.0
TKT1;backward;2880.0
TKT2;forward;96732.0
TKT2;backward;5040.0
TMDK1;forward;69349.32
TMDK1;backward;0.0
TMPK;forward;17125.920000000002
TMPK;backward;149599.08000000002
TPI;forward;2734597.8
TPI;backward;241200.0
TRDR;forward;68511.23999999999
TRDR;backward;0.0
TRP4P;forward;45000
TRP4P;backward;0.0
TRP4abc;forward;360000
TRP4abc;backward;0.0
TRPTRS;forward;45000
TRPTRS;backward;0.0
TRPt2r;forward;360000
TRPt2r;backward;0.0
TYR4P;forward;45000
TYR4P;backward;0.0
TYR4abc;forward;360000
TYR4abc;backward;0.0
TYRTRS;forward;45000
TYRTRS;backward;0.0
TYRt2r;forward;360000
TYRt2r;backward;0.0
UDPG4E;forward;1618048.8
UDPG4E;backward;876521.16
UDPGALM;forward;97200.0
UDPGALM;backward;5400.0
UMPK;forward;949624.2
UMPK;backward;2540.88
UPPRT;forward;18360.0
UPPRT;backward;0.0
URAt2;forward;10000000000.0
URAt2;backward;0.0
URIabc;forward;7200.0
URIabc;backward;0.0
VAL4P;forward;45000
VAL4P;backward;0.0
VAL4abc;forward;360000
VAL4abc;backward;0.0
VALTRS;forward;45000
VALTRS;backward;0.0
VALt2r;forward;360000
VALt2r;backward;0.0
dUTPase_transl;forward;45000
dUTPase_transl;backward;0.0
