reaction_id;metabolite_id;km
5FTHFPGS;5fthf_c;2.1439336e-05
5FTHFPGS;atp_c;0.00011800923
5FTHFPGS;glu__L_c;0.000877644
5FTHFPGS;5fthfglu3_c;0.0
5FTHFPGS;adp_c;0.0
5FTHFPGS;pi_c;0.0
5FTHFPGS;h_c;0.0
5FTHFabc;5fthf_c;0.0
5FTHFabc;adp_c;0.0
5FTHFabc;h_c;0.0
5FTHFabc;pi_c;0.0
5FTHFabc;5fthf_e;0.00013
5FTHFabc;atp_c;0.00013
5FTHFabc;h2o_c;0.00013
ACALDt;acald_c;1e-10
ACALDt;acald_e;1e-10
ACKr;actp_c;0.0009669
ACKr;adp_c;0.0006657
ACKr;ac_c;0.055764400000000006
ACKr;atp_c;0.0016092
ACPPAT;ACP_c;1.7899999999999998e-05
ACPPAT;ap_c;1.7899999999999998e-05
ACPPAT;ACP_R_c;0.0005602000000000001
ACPPAT;pi_c;0.0005602000000000001
ACPS;apoACP_c;4.1000000000000006e-06
ACPS;coa_c;2.3356749e-05
ACPS;ACP_c;0.0
ACPS;pap_c;0.0
ACPS;h_c;0.0
ACP_transl;alatrna_c;0.00016885042
ACP_transl;argtrna_c;1.9279206e-05
ACP_transl;asntrna_c;4.7181603e-05
ACP_transl;asptrna_c;2.5851583e-05
ACP_transl;atp_c;0.00018046415
ACP_transl;fmettrna_c;2.1675624e-05
ACP_transl;glntrna_c;2.3078203e-05
ACP_transl;glutrna_c;1.4505514e-05
ACP_transl;glytrna_c;2.6061537e-05
ACP_transl;h2o_c;0.00096780235
ACP_transl;iletrna_c;2.3393968e-05
ACP_transl;leutrna_c;2.9237958e-05
ACP_transl;lystrna_c;4.571027e-05
ACP_transl;mettrna_c;1.948272e-05
ACP_transl;phetrna_c;1.43377e-05
ACP_transl;sertrna_c;5.433904e-05
ACP_transl;thrtrna_c;5.0979707e-05
ACP_transl;tyrtrna_c;1.2448396e-05
ACP_transl;valtrna_c;2.6269458e-05
ACP_transl;adp_c;0.0
ACP_transl;for_c;0.0
ACP_transl;h_c;0.0
ACP_transl;met__L_c;0.0
ACP_transl;pi_c;0.0
ACP_transl;apoACP_c;0.0
ACP_transl;trnaala_c;0.0
ACP_transl;trnaarg_c;0.0
ACP_transl;trnaasn_c;0.0
ACP_transl;trnaasp_c;0.0
ACP_transl;trnagln_c;0.0
ACP_transl;trnaglu_c;0.0
ACP_transl;trnagly_c;0.0
ACP_transl;trnaile_c;0.0
ACP_transl;trnaleu_c;0.0
ACP_transl;trnalys_c;0.0
ACP_transl;trnamet_c;0.0
ACP_transl;trnaphe_c;0.0
ACP_transl;trnaser_c;0.0
ACP_transl;trnathr_c;0.0
ACP_transl;trnatyr_c;0.0
ACP_transl;trnaval_c;0.0
ACt;ac_c;1e-10
ACt;h_c;1e-10
ACt;ac_e;1e-10
ACt;h_e;1e-10
ADEt2;ade_c;0.0
ADEt2;h_c;0.0
ADEt2;ade_e;1e-10
ADEt2;h_e;1e-10
ADK1;amp_c;9.6e-05
ADK1;atp_c;0.0001426
ADK1;adp_c;0.00026690000000000004
ADNabc;atp_c;0.0006
ADNabc;adn_c;0.0
ADNabc;pi_c;0.0
ADNabc;adp_c;0.0
ADNabc;h_c;0.0
ADNabc;adn_e;0.00013
ADNabc;h2o_c;0.00013
ADPT;ade_c;4.4e-06
ADPT;prpp_c;8.500000000000002e-06
ADPT;amp_c;0.0
ADPT;ppi_c;0.0
AGDC;ac_c;0.0
AGDC;gam6p_c;0.0
AGDC;acgam6p_c;0.00013
AGDC;h2o_c;0.00013
AGPAT;1ag3p_c;6.4000000000000006e-06
AGPAT;ACP_R_c;2.47e-05
AGPAT;ACP_c;0.0
AGPAT;pa_c;0.0
AHCi;adn_c;0.0
AHCi;hcys__L_c;0.0
AHCi;ahcys_c;0.00013
AHCi;h2o_c;0.00013
ALA4P;ala__L_c;0.0
ALA4P;ala4_c;0.00013
ALA4P;h2o_c;0.00013
ALA4abc;adp_c;0.0
ALA4abc;ala4_c;0.0
ALA4abc;h_c;0.0
ALA4abc;pi_c;0.0
ALA4abc;ala4_e;0.00013
ALA4abc;atp_c;0.00013
ALA4abc;h2o_c;0.00013
ALATRS;ala__L_c;0.00067381483
ALATRS;atp_c;0.00019275245
ALATRS;alatrna_c;0.0
ALATRS;amp_c;0.0
ALATRS;ppi_c;0.0
ALATRS;trnaala_c;0.00013
ALAt2r;ala__L_c;0.0
ALAt2r;h_c;0.0
ALAt2r;ala__L_e;0.00013
ALAt2r;h_e;0.00013
AMANK;acmanap_c;0.0
AMANK;adp_c;0.0
AMANK;h_c;0.0
AMANK;acmana_c;0.00013
AMANK;atp_c;0.00013
AMANPEr;acmanap_c;0.00013
AMANPEr;acgam6p_c;0.00013
AMANabc;acmana_c;0.0
AMANabc;adp_c;0.0
AMANabc;h_c;0.0
AMANabc;pi_c;0.0
AMANabc;acmana_e;1e-10
AMANabc;atp_c;1e-10
AMANabc;h2o_c;1e-10
APG3PAT;ap_c;2.06e-05
APG3PAT;glyc3p_c;2.06e-05
APG3PAT;1ag3p_c;0.0
APG3PAT;pi_c;0.0
ARG4P;arg__L_c;0.0
ARG4P;arg4_c;0.00013
ARG4P;h2o_c;0.00013
ARG4abc;adp_c;0.0
ARG4abc;arg4_c;0.0
ARG4abc;h_c;0.0
ARG4abc;pi_c;0.0
ARG4abc;arg4_e;0.00013
ARG4abc;atp_c;0.00013
ARG4abc;h2o_c;0.00013
ARGTRS;arg__L_c;0.00016956864
ARGTRS;atp_c;0.00025034317
ARGTRS;amp_c;0.0
ARGTRS;argtrna_c;0.0
ARGTRS;ppi_c;0.0
ARGTRS;trnaarg_c;0.00013
ARGt2r;arg__L_c;0.0
ARGt2r;h_c;0.0
ARGt2r;arg__L_e;0.00013
ARGt2r;h_e;0.00013
ASN4P;asn__L_c;0.0
ASN4P;asn4_c;0.00013
ASN4P;h2o_c;0.00013
ASN4abc;adp_c;0.0
ASN4abc;asn4_c;0.0
ASN4abc;h_c;0.0
ASN4abc;pi_c;0.0
ASN4abc;asn4_e;0.00013
ASN4abc;atp_c;0.00013
ASN4abc;h2o_c;0.00013
ASNTRS;asn__L_c;0.00013959657
ASNTRS;atp_c;0.00016095711
ASNTRS;amp_c;0.0
ASNTRS;asntrna_c;0.0
ASNTRS;ppi_c;0.0
ASNTRS;trnaasn_c;0.00013
ASNt2r;asn__L_c;0.0
ASNt2r;h_c;0.0
ASNt2r;asn__L_e;0.00013
ASNt2r;h_e;0.00013
ASP4P;asp__L_c;0.0
ASP4P;asp4_c;0.00013
ASP4P;h2o_c;0.00013
ASP4abc;adp_c;0.0
ASP4abc;asp4_c;0.0
ASP4abc;h_c;0.0
ASP4abc;pi_c;0.0
ASP4abc;asp4_e;0.00013
ASP4abc;atp_c;0.00013
ASP4abc;h2o_c;0.00013
ASPTRS;asp__L_c;0.0004245706
ASPTRS;atp_c;0.00010861538
ASPTRS;amp_c;0.0
ASPTRS;asptrna_c;0.0
ASPTRS;ppi_c;0.0
ASPTRS;trnaasp_c;0.00013
ASPt2pr;asp__L_c;0.0
ASPt2pr;h_c;0.0
ASPt2pr;asp__L_e;0.00013
ASPt2pr;h_e;0.00013
ATPase;adp_c;0.0
ATPase;pi_c;0.0
ATPase;atp_c;0.0006
ATPase;h_e;0.0
ATPase;h2o_c;0.00013
ATPase;h_c;0.00013
BPNT;pap_c;2.5e-05
BPNT;amp_c;0.0
BPNT;pi_c;0.0
BPNT;h2o_c;0.0015534046
CA2abc;atp_c;7.5e-05
CA2abc;ca2_c;0.0
CA2abc;adp_c;0.0
CA2abc;pi_c;0.0
CA2abc;h_c;0.0
CA2abc;ca2_e;0.00013
CA2abc;h2o_c;0.00013
CHOLt;chsterol_e;1e-10
CHOLt;chsterol_c;1e-10
CLPNS;pg_c;0.0029902
CLPNS;clpn_c;0.0
CLPNS;glyc_c;0.0
CLt;cl_e;1e-10
CLt;cl_c;1e-10
CO2t;co2_e;1e-10
CO2t;co2_c;1e-10
COAabc;adp_c;0.0
COAabc;coa_c;0.0
COAabc;h_c;0.0
COAabc;pi_c;0.0
COAabc;atp_c;0.00013
COAabc;coa_e;0.00013
COAabc;h2o_c;0.00013
CTPDP;cmp_c;0.0
CTPDP;h_c;0.0
CTPDP;ppi_c;0.0
CTPDP;ctp_c;0.00013
CTPDP;h2o_c;0.00013
CTPS2;atp_c;0.00016421264
CTPS2;gln__L_c;0.0006008258
CTPS2;utp_c;0.00015401338
CTPS2;adp_c;0.0
CTPS2;ctp_c;0.0
CTPS2;glu__L_c;0.0
CTPS2;pi_c;0.0
CTPS2;h2o_c;0.000805859
CTPS2;h_c;0.0
CTPSDUMP;atp_c;1.6400000000000002e-05
CTPSDUMP;dump_c;3.51e-05
CTPSDUMP;gln__L_c;6.67e-05
CTPSDUMP;adp_c;0.0
CTPSDUMP;dcmp_c;0.0
CTPSDUMP;glu__L_c;0.0
CTPSDUMP;pi_c;0.0
CTPSDUMP;h_c;0.0
CTPSDUMP;h2o_c;0.00013
CYSTRS;atp_c;0.00014417684
CYSTRS;cys__L_c;0.000119087346
CYSTRS;amp_c;0.0
CYSTRS;cystrna_c;0.0
CYSTRS;ppi_c;0.0
CYSTRS;trnacys_c;0.00013
CYSt2r;cys__L_c;0.0
CYSt2r;h_c;0.0
CYSt2r;cys__L_e;0.00013
CYSt2r;h_e;0.00013
CYTDabc;adp_c;0.0
CYTDabc;cytd_c;0.0
CYTDabc;h_c;0.0
CYTDabc;pi_c;0.0
CYTDabc;atp_c;0.00013
CYTDabc;cytd_e;0.00013
CYTDabc;h2o_c;0.00013
CYTK1;atp_c;0.0001
CYTK1;cmp_c;0.0001
CYTK1;adp_c;0.0001
CYTK1;cdp_c;0.0001
CYTK2;atp_c;0.0001
CYTK2;dcmp_c;0.0001
CYTK2;adp_c;0.0001
CYTK2;dcdp_c;0.0001
DADK;atp_c;0.0001
DADK;damp_c;0.0001
DADK;adp_c;0.001
DADK;dadp_c;0.0001
DADNK;atp_c;0.00016032645
DADNK;dad_2_c;3.0525098e-05
DADNK;adp_c;0.0
DADNK;damp_c;0.0
DADNK;h_c;0.0
DADNabc;atp_c;0.0006
DADNabc;dad_2_c;0.0
DADNabc;pi_c;0.0
DADNabc;adp_c;0.0
DADNabc;h_c;0.0
DADNabc;dad_2_e;0.00013
DADNabc;h2o_c;0.00013
DAGGALT;12dgr_c;0.00035446027
DAGGALT;udpgalfur_c;0.000124137215
DAGGALT;galfur12dgr_c;0.0
DAGGALT;udp_c;0.0
DAGGALT;h_c;0.0
DAGPST;12dgr_c;0.0004295218
DAGPST;h_c;0.0
DAGPST;udp_c;0.0
DAGPST;lgltn_c;0.0
DAGPST;udpgltn_c;0.00013
DASYN;ctp_c;0.00019442275
DASYN;pa_c;7.580000000000001e-05
DASYN;cdpdag_c;0.0
DASYN;ppi_c;0.0
DASYN;h_c;0.0005413894
DCDPMP;dcmp_c;0.0
DCDPMP;h_c;0.0
DCDPMP;pi_c;0.0
DCDPMP;dcdp_c;0.00013
DCDPMP;h2o_c;0.00013
DCMPDA;dcmp_c;0.001
DCMPDA;dump_c;0.0
DCMPDA;nh3_c;0.0
DCMPDA;h2o_c;0.00013
DCTPDP;dcmp_c;0.0
DCTPDP;h_c;0.0
DCTPDP;ppi_c;0.0
DCTPDP;dctp_c;0.00013
DCTPDP;h2o_c;0.00013
DCTPMP;dcdp_c;0.0
DCTPMP;h_c;0.0
DCTPMP;pi_c;0.0
DCTPMP;dctp_c;0.00013
DCTPMP;h2o_c;0.00013
DCYTK;atp_c;0.00016032645
DCYTK;dcyt_c;3.8324166e-05
DCYTK;adp_c;0.0
DCYTK;dcmp_c;0.0
DCYTK;h_c;0.0
DCYTabc;atp_c;0.0006
DCYTabc;dcyt_c;0.0
DCYTabc;pi_c;0.0
DCYTabc;adp_c;0.0
DCYTabc;h_c;0.0
DCYTabc;dcyt_e;0.00013
DCYTabc;h2o_c;0.00013
DGK1;atp_c;0.00015490000000000002
DGK1;dgmp_c;4.41e-05
DGK1;adp_c;6.0100000000000004e-05
DGK1;dgdp_c;6.0100000000000004e-05
DGSNK;atp_c;0.00016032645
DGSNK;dgsn_c;3.00413e-05
DGSNK;adp_c;0.0
DGSNK;dgmp_c;0.0
DGSNK;h_c;0.0
DGSNabc;atp_c;0.0006
DGSNabc;dgsn_c;0.0
DGSNabc;pi_c;0.0
DGSNabc;adp_c;0.0
DGSNabc;h_c;0.0
DGSNabc;dgsn_e;0.00013
DGSNabc;h2o_c;0.00013
DNAP;DNA_c;0.0
DNAP;adp_c;0.0
DNAP;h_c;0.0
DNAP;pi_c;0.0
DNAP;ppi_c;0.0
DNAP;atp_c;0.00013
DNAP;datp_c;0.00013
DNAP;dctp_c;0.00013
DNAP;dgtp_c;0.00013
DNAP;dttp_c;0.00013
DNAP;h2o_c;0.00013
DRPA;2dr5p_c;0.0002456
DRPA;acald_c;0.00026700000000000004
DRPA;g3p_c;0.0002
DURIK1;atp_c;0.00042209999999999996
DURIK1;duri_c;2.83e-05
DURIK1;adp_c;0.0
DURIK1;dump_c;0.0
DURIK1;h_c;0.0
DURIabc;adp_c;0.0
DURIabc;duri_c;0.0
DURIabc;h_c;0.0
DURIabc;pi_c;0.0
DURIabc;atp_c;0.00013
DURIabc;duri_e;0.00013
DURIabc;h2o_c;0.00013
DUTPDP;dutp_c;6.416963e-05
DUTPDP;dump_c;0.0
DUTPDP;ppi_c;0.0
DUTPDP;h2o_c;0.0005455787
DUTPDP;h_c;0.0
ENO;2pg_c;0.00042554235
ENO;pep_c;0.0002874
ENO;h2o_c;0.0035654767
FAKr;atp_c;0.0014528000000000002
FAKr;fa_c;0.0003014
FAKr;adp_c;3.32e-05
FAKr;ap_c;3.32e-05
FAt;fa_e;1e-10
FAt;fa_c;1e-10
FBA;fdp_c;0.00012
FBA;dhap_c;9.5e-05
FBA;g3p_c;5.2e-05
FMETTRS;10fthfglu3_c;2.3619495e-05
FMETTRS;mettrna_c;1.6470354e-05
FMETTRS;fmettrna_c;0.0
FMETTRS;thfglu3_c;0.0
FMETTRS;h_c;0.0
FMNAT;atp_c;0.000107133426
FMNAT;fmn_c;7.6954714e-06
FMNAT;fad_c;0.0
FMNAT;ppi_c;0.0
FMNAT;h_c;0.0011506149
FORt;for_e;1e-10
FORt;for_c;1e-10
FTHFCL;5fthfglu3_c;1.91e-05
FTHFCL;atp_c;1.6400000000000002e-05
FTHFCL;adp_c;0.0
FTHFCL;methfglu3_c;0.0
FTHFCL;pi_c;0.0
G6PDA;gam6p_c;0.00013
G6PDA;h2o_c;0.00013
G6PDA;f6p_c;0.00013
G6PDA;h_c;0.00013
G6PDA;nh3_c;0.00013
GALU;g1p_c;8.5740365e-05
GALU;utp_c;9.030000000000001e-05
GALU;ppi_c;3.7699999999999995e-05
GALU;udpg_c;4.5900000000000004e-05
GALU;h_c;0.00055475384
GAMpts;gam6p_c;0.0
GAMpts;pyr_c;0.0
GAMpts;gam_e;0.00013
GAMpts;pep_c;0.00013
GAPD;g3p_c;0.0005871879
GAPD;nad_c;0.00016236715
GAPD;pi_c;0.0017944846
GAPD;13dpg_c;0.00011209598
GAPD;nadh_c;6.1e-05
GAPD;h_c;0.0050483985
GAPDP;g3p_c;0.00016402301
GAPDP;nadp_c;9.3114614e-05
GAPDP;3pg_c;0.0
GAPDP;nadph_c;0.0
GAPDP;h2o_c;0.0008780169
GAPDP;h_c;0.0
GHMT;ser__L_c;0.0015683254
GHMT;thfglu3_c;7.0136935e-05
GHMT;gly_c;0.00207454
GHMT;mlthfglu3_c;0.0001463
GHMT;h2o_c;0.0017581543
GHMT2;methfglu3_c;6.5963745e-05
GHMT2;5fthfglu3_c;0.0
GHMT2;h2o_c;0.0017581543
GHMT2;h_c;0.0
GK1;atp_c;0.00015010000000000002
GK1;gmp_c;2.59e-05
GK1;adp_c;6.759999999999999e-05
GK1;gdp_c;2.36e-05
GLCpts;g6p_c;0.0
GLCpts;pyr_c;0.0
GLCpts;glc__D_e;0.00013
GLCpts;pep_c;0.00013
GLN4P;gln__L_c;0.0
GLN4P;gln4_c;0.00013
GLN4P;h2o_c;0.00013
GLN4abc;adp_c;0.0
GLN4abc;gln4_c;0.0
GLN4abc;h_c;0.0
GLN4abc;pi_c;0.0
GLN4abc;atp_c;0.00013
GLN4abc;gln4_e;0.00013
GLN4abc;h2o_c;0.00013
GLNTRAT;atp_c;7.196318e-05
GLNTRAT;gln__L_c;0.00030343103
GLNTRAT;glutrnagln_c;6.610823e-06
GLNTRAT;h2o_c;0.000351292
GLNTRAT;adp_c;0.0
GLNTRAT;glntrna_c;0.0
GLNTRAT;glu__L_c;0.0
GLNTRAT;h_c;0.0
GLNTRAT;pi_c;0.0
GLNTRAT2;asn__L_c;8.475565e-05
GLNTRAT2;atp_c;7.196318e-05
GLNTRAT2;glutrnagln_c;6.610823e-06
GLNTRAT2;h2o_c;0.000351292
GLNTRAT2;adp_c;0.0
GLNTRAT2;asp__L_c;0.0
GLNTRAT2;glntrna_c;0.0
GLNTRAT2;h_c;0.0
GLNTRAT2;pi_c;0.0
GLNt2r;gln__L_c;0.0
GLNt2r;h_c;0.0
GLNt2r;gln__L_e;0.00013
GLNt2r;h_e;0.00013
GLU4P;glu__L_c;0.0
GLU4P;glu4_c;0.00013
GLU4P;h2o_c;0.00013
GLU4abc;adp_c;0.0
GLU4abc;glu4_c;0.0
GLU4abc;h_c;0.0
GLU4abc;pi_c;0.0
GLU4abc;atp_c;0.00013
GLU4abc;glu4_e;0.00013
GLU4abc;h2o_c;0.00013
GLUTRS;atp_c;0.0001371278
GLUTRS;glu__L_c;0.0013030953
GLUTRS;amp_c;0.0
GLUTRS;glutrna_c;0.0
GLUTRS;ppi_c;0.0
GLUTRS;trnaglu_c;0.00013
GLUTRS_Gln;atp_c;0.0001371278
GLUTRS_Gln;glu__L_c;0.0013030953
GLUTRS_Gln;amp_c;0.0
GLUTRS_Gln;glutrnagln_c;0.0
GLUTRS_Gln;ppi_c;0.0
GLUTRS_Gln;trnagln_c;0.00013
GLUt2pr;glu__L_c;0.0
GLUt2pr;h_c;0.0
GLUt2pr;glu__L_e;0.00013
GLUt2pr;h_e;0.00013
GLY4P;gly_c;0.0
GLY4P;gly4_c;0.00013
GLY4P;h2o_c;0.00013
GLY4abc;adp_c;0.0
GLY4abc;gly4_c;0.0
GLY4abc;h_c;0.0
GLY4abc;pi_c;0.0
GLY4abc;atp_c;0.00013
GLY4abc;gly4_e;0.00013
GLY4abc;h2o_c;0.00013
GLYCt;glyc_e;1e-10
GLYCt;glyc_c;1e-10
GLYK;atp_c;0.000113234974
GLYK;glyc_c;0.000105918415
GLYK;adp_c;0.0
GLYK;glyc3p_c;0.0
GLYK;h_c;0.0
GLYTRS;atp_c;7.437895e-05
GLYTRS;gly_c;0.00034523162
GLYTRS;amp_c;0.0
GLYTRS;glytrna_c;0.0
GLYTRS;ppi_c;0.0
GLYTRS;trnagly_c;0.00013
GLYt2r;gly_c;0.0
GLYt2r;h_c;0.0
GLYt2r;gly_e;0.00013
GLYt2r;h_e;0.00013
GSNabc;atp_c;0.0006
GSNabc;gsn_c;0.0
GSNabc;pi_c;0.0
GSNabc;adp_c;0.0
GSNabc;h_c;0.0
GSNabc;gsn_e;0.00013
GSNabc;h2o_c;0.00013
GUAPRT;gua_c;5e-07
GUAPRT;prpp_c;9e-06
GUAPRT;gmp_c;0.0
GUAPRT;ppi_c;0.0
GUAt2;gua_c;0.0
GUAt2;h_c;0.0
GUAt2;gua_e;1e-10
GUAt2;h_e;1e-10
H2Ot;h2o_e;1e-10
H2Ot;h2o_c;1e-10
HCYSt;hcys__L_e;0.0
HCYSt;hcys__L_c;1e-10
HIS4P;his__L_c;0.0
HIS4P;h2o_c;0.00013
HIS4P;his4_c;0.00013
HIS4abc;adp_c;0.0
HIS4abc;h_c;0.0
HIS4abc;his4_c;0.0
HIS4abc;pi_c;0.0
HIS4abc;atp_c;0.00013
HIS4abc;h2o_c;0.00013
HIS4abc;his4_e;0.00013
HISTRS;atp_c;5.8888033e-05
HISTRS;his__L_c;9.738721e-05
HISTRS;amp_c;0.0
HISTRS;histrna_c;0.0
HISTRS;ppi_c;0.0
HISTRS;trnahis_c;0.00013
HISt2r;h_c;0.0
HISt2r;his__L_c;0.0
HISt2r;h_e;0.00013
HISt2r;his__L_e;0.00013
Ht;h_c;0.0
Ht;h_e;1e-10
ILETRS;atp_c;0.000109227315
ILETRS;ile__L_c;0.00014712246
ILETRS;amp_c;0.0
ILETRS;iletrna_c;0.0
ILETRS;ppi_c;0.0
ILETRS;trnaile_c;0.00013
ISO4P;ile__L_c;0.0
ISO4P;h2o_c;0.00013
ISO4P;ile4_c;0.00013
ISO4abc;adp_c;0.0
ISO4abc;h_c;0.0
ISO4abc;ile4_c;0.0
ISO4abc;pi_c;0.0
ISO4abc;atp_c;0.00013
ISO4abc;h2o_c;0.00013
ISO4abc;ile4_e;0.00013
ISOt2r;h_c;0.0
ISOt2r;ile__L_c;0.0
ISOt2r;h_e;0.00013
ISOt2r;ile__L_e;0.00013
Kt6;atp_c;3e-05
Kt6;k_c;0.0
Kt6;adp_c;0.0
Kt6;pi_c;0.0
Kt6;h_c;0.0
Kt6;na1_e;0.0
Kt6;h2o_c;0.00013
Kt6;k_e;0.00013
Kt6;na1_c;0.00013
LDH_L;nadh_c;3.8100000000000005e-05
LDH_L;pyr_c;0.0009649
LDH_L;lac__L_c;0.059656
LDH_L;nad_c;0.032972
LDH_L;h_c;0.009772698
LEU4P;leu__L_c;0.0
LEU4P;h2o_c;0.00013
LEU4P;leu4_c;0.00013
LEU4abc;adp_c;0.0
LEU4abc;h_c;0.0
LEU4abc;leu4_c;0.0
LEU4abc;pi_c;0.0
LEU4abc;atp_c;0.00013
LEU4abc;h2o_c;0.00013
LEU4abc;leu4_e;0.00013
LEUTRS;atp_c;0.0001194543
LEUTRS;leu__L_c;2.3671731e-05
LEUTRS;amp_c;0.0
LEUTRS;leutrna_c;0.0
LEUTRS;ppi_c;0.0
LEUTRS;trnaleu_c;0.00013
LEUt2r;h_c;0.0
LEUt2r;leu__L_c;0.0
LEUt2r;h_e;0.00013
LEUt2r;leu__L_e;0.00013
LIPTA;adp_c;0.0
LIPTA;h_c;0.0
LIPTA;lpl_PdhC_c;0.0
LIPTA;lys__L_c;0.0
LIPTA;pi_c;0.0
LIPTA;PdhC_c;0.00013
LIPTA;atp_c;0.00013
LIPTA;h2o_c;0.00013
LIPTA;lplys__L_e;0.00013
LYS4P;lys__L_c;0.0
LYS4P;h2o_c;0.00013
LYS4P;lys4_c;0.00013
LYS4abc;adp_c;0.0
LYS4abc;h_c;0.0
LYS4abc;lys4_c;0.0
LYS4abc;pi_c;0.0
LYS4abc;atp_c;0.00013
LYS4abc;h2o_c;0.00013
LYS4abc;lys4_e;0.00013
LYSTRS;atp_c;6.72812e-05
LYSTRS;lys__L_c;5.1629383e-05
LYSTRS;amp_c;0.0
LYSTRS;lystrna_c;0.0
LYSTRS;ppi_c;0.0
LYSTRS;trnalys_c;0.00013
LYSt2r;h_c;0.0
LYSt2r;lys__L_c;0.0
LYSt2r;h_e;0.00013
LYSt2r;lys__L_e;0.00013
L_LACt2r;h_c;1e-10
L_LACt2r;lac__L_c;1e-10
L_LACt2r;h_e;1e-10
L_LACt2r;lac__L_e;1e-10
MAN6PI;man6p_c;0.00013
MAN6PI;f6p_c;0.00013
MANpts;man6p_c;0.0
MANpts;pyr_c;0.0
MANpts;man_e;0.00013
MANpts;pep_c;0.00013
MAT;amet_c;0.0
MAT;pi_c;0.0
MAT;ppi_c;0.0
MAT;atp_c;0.00013
MAT;h2o_c;0.00013
MAT;met__L_c;0.00013
MET4P;met__L_c;0.0
MET4P;h2o_c;0.00013
MET4P;met4_c;0.00013
MET4abc;adp_c;0.0
MET4abc;h_c;0.0
MET4abc;met4_c;0.0
MET4abc;pi_c;0.0
MET4abc;atp_c;0.00013
MET4abc;h2o_c;0.00013
MET4abc;met4_e;0.00013
METTRS;atp_c;0.0002188566
METTRS;met__L_c;0.00012715885
METTRS;amp_c;0.0
METTRS;mettrna_c;0.0
METTRS;ppi_c;0.0
METTRS;trnamet_c;0.00013
METt2r;h_c;0.0
METt2r;met__L_c;0.0
METt2r;h_e;0.00013
METt2r;met__L_e;0.00013
MG2abc;atp_c;0.0028
MG2abc;mg2_c;0.0
MG2abc;adp_c;0.0
MG2abc;pi_c;0.0
MG2abc;h_c;0.0
MG2abc;h2o_c;0.00013
MG2abc;mg2_e;0.00013
MTHFC;methfglu3_c;4.230289e-05
MTHFC;10fthfglu3_c;4.2261206e-05
MTHFC;h2o_c;0.00097924227
MTHFC;h_c;0.0013689879
MTHFD;mlthfglu3_c;0.00017380000000000002
MTHFD;nadp_c;3.03e-05
MTHFD;methfglu3_c;5.75e-05
MTHFD;nadph_c;5.75e-05
NACabc;nac_c;0.0
NACabc;adp_c;0.0
NACabc;h_c;0.0
NACabc;pi_c;0.0
NACabc;atp_c;0.00013
NACabc;h2o_c;0.00013
NACabc;nac_e;0.00013
NADHK;nadh_c;0.00016253817
NADHK;atp_c;0.000674033
NADHK;nadph_c;0.0
NADHK;adp_c;0.0
NADHK;h_c;0.0
NADK;atp_c;0.000674033
NADK;nad_c;0.00083840567
NADK;adp_c;0.0
NADK;nadp_c;0.0
NADK;h_c;0.0
NADS;atp_c;2.7799999999999998e-05
NADS;dnad_c;4.65e-05
NADS;nh3_c;8.71e-05
NADS;amp_c;0.0
NADS;nad_c;0.0
NADS;ppi_c;0.0
NAt;na1_c;0.0
NAt;na1_e;1e-10
NAt3;h_c;0.0
NAt3;na1_e;0.0
NAt3;h_e;1e-10
NAt3;na1_c;1e-10
NCTPPRT;nac_c;8.059999999999999e-06
NCTPPRT;prpp_c;3.8e-06
NCTPPRT;nicrnt_c;0.0
NCTPPRT;ppi_c;0.0
NCTPPRT;h_c;0.0011650813
NH3t;nh3_e;1e-10
NH3t;nh3_c;1e-10
NNATr;atp_c;0.00010480021
NNATr;nicrnt_c;5.54e-05
NNATr;dnad_c;0.0
NNATr;ppi_c;0.0
NNATr;h_c;0.00219737
NOX;nadh_c;2.68e-05
NOX;o2_c;2.04e-05
NOX;nad_c;0.0
NOX;h2o_c;0.0
NOX;h_c;0.00013
NTD1;dump_c;0.0002
NTD1;duri_c;0.0
NTD1;pi_c;0.0
NTD1;h2o_c;0.00013
NTD5;dtmp_c;0.00023
NTD5;pi_c;0.0
NTD5;thymd_c;0.0
NTD5;h2o_c;0.00013
NTD6;damp_c;0.00032
NTD6;dad_2_c;0.0
NTD6;pi_c;0.0
NTD6;h2o_c;0.00013
NTD8;dgmp_c;0.00017999999999999998
NTD8;dgsn_c;0.0
NTD8;pi_c;0.0
NTD8;h2o_c;0.00013
NTD9;gsn_c;0.0
NTD9;pi_c;0.0
NTD9;gmp_c;0.00013
NTD9;h2o_c;0.00013
O2t;o2_e;1e-10
O2t;o2_c;1e-10
P5Pabc;pydx5p_c;0.0
P5Pabc;adp_c;0.0
P5Pabc;h_c;0.0
P5Pabc;pi_c;0.0
P5Pabc;atp_c;0.00013
P5Pabc;h2o_c;0.00013
P5Pabc;pydx5p_e;0.00013
PAPA;pa_c;5.2e-05
PAPA;12dgr_c;0.0
PAPA;pi_c;0.0
PAPA;h2o_c;0.00013
PDH_E1;acdhlpl_PdhC_c;0.0
PDH_E1;co2_c;0.0
PDH_E1;h_c;0.00013
PDH_E1;lpl_PdhC_c;0.00013
PDH_E1;pyr_c;0.00013
PDH_E2;acdhlpl_PdhC_c;1.9774646e-05
PDH_E2;coa_c;3.3986542e-05
PDH_E2;accoa_c;0.0
PDH_E2;dhlpl_PdhC_c;0.0
PDH_E3;dhlpl_PdhC_c;0.00012282535
PDH_E3;nad_c;0.00022655438
PDH_E3;lpl_PdhC_c;0.0
PDH_E3;nadh_c;0.0
PDH_E3;h_c;0.0
PDH_acald;acald_c;0.0001
PDH_acald;coa_c;0.0001
PDH_acald;lpl_PdhC_c;0.0001
PDH_acald;accoa_c;0.0
PDH_acald;dhlpl_PdhC_c;0.0
PFK;atp_c;0.0001748298
PFK;f6p_c;0.00037238687
PFK;adp_c;0.0
PFK;fdp_c;0.0
PFK;h_c;0.0
PGI;g6p_c;0.00028000000000000003
PGI;f6p_c;0.00015
PGK;13dpg_c;1e-05
PGK;adp_c;0.0005273
PGK;3pg_c;0.0001
PGK;atp_c;0.000368
PGK2;13dpg_c;5.7000000000000005e-06
PGK2;dadp_c;0.0005357
PGK2;3pg_c;0.0007375000000000001
PGK2;datp_c;9.020000000000001e-05
PGK3;13dpg_c;3.2000000000000003e-06
PGK3;gdp_c;0.0005357
PGK3;3pg_c;0.0007944
PGK3;gtp_c;0.0002033
PGK4;13dpg_c;5.7000000000000005e-06
PGK4;dgdp_c;0.0005357
PGK4;3pg_c;0.0007375000000000001
PGK4;dgtp_c;9.020000000000001e-05
PGM;3pg_c;0.0036000000000000003
PGM;2pg_c;0.0002
PGMT;g6p_c;0.0028401999999999998
PGMT;g1p_c;0.0066039
PGPP;pg3p_c;1.1e-06
PGPP;pg_c;0.0
PGPP;pi_c;0.0
PGPP;h2o_c;0.0007869878
PGSA;cdpdag_c;4.6292286e-05
PGSA;glyc3p_c;0.00040705258
PGSA;cmp_c;0.0
PGSA;pg3p_c;0.0
PGSA;h_c;0.0
PHE4P;phe__L_c;0.0
PHE4P;h2o_c;0.00013
PHE4P;phe4_c;0.00013
PHE4abc;adp_c;0.0
PHE4abc;h_c;0.0
PHE4abc;phe4_c;0.0
PHE4abc;pi_c;0.0
PHE4abc;atp_c;0.00013
PHE4abc;h2o_c;0.00013
PHE4abc;phe4_e;0.00013
PHETRS;atp_c;0.00011843967
PHETRS;phe__L_c;5.687555e-05
PHETRS;amp_c;0.0
PHETRS;phetrna_c;0.0
PHETRS;ppi_c;0.0
PHETRS;trnaphe_c;0.00013
PHEt2r;h_c;0.0
PHEt2r;phe__L_c;0.0
PHEt2r;h_e;0.00013
PHEt2r;phe__L_e;0.00013
PIabc;atp_c;2.3e-05
PIabc;pi_c;0.0
PIabc;adp_c;0.0
PIabc;h_c;0.0
PIabc;h2o_c;0.00013
PIabc;pi_e;0.00013
PPA;ppi_c;4.555095e-05
PPA;pi_c;0.0
PPA;h2o_c;0.002743452
PPA;h_c;0.0
PPM;r1p_c;7.3e-05
PPM;r5p_c;8.54e-05
PPM2;2dr1p_c;1.3e-05
PPM2;2dr5p_c;0.0012
PRO4P;pro__L_c;0.0
PRO4P;h2o_c;0.00013
PRO4P;pro4_c;0.00013
PRO4abc;adp_c;0.0
PRO4abc;h_c;0.0
PRO4abc;pi_c;0.0
PRO4abc;pro4_c;0.0
PRO4abc;atp_c;0.00013
PRO4abc;h2o_c;0.00013
PRO4abc;pro4_e;0.00013
PROTRS;atp_c;0.00020800225
PROTRS;pro__L_c;0.000117606364
PROTRS;amp_c;0.0
PROTRS;ppi_c;0.0
PROTRS;protrna_c;0.0
PROTRS;trnapro_c;0.00013
PROt2r;h_c;0.0
PROt2r;pro__L_c;0.0
PROt2r;h_e;0.00013
PROt2r;pro__L_e;0.00013
PRPPS;atp_c;0.0002827546
PRPPS;r5p_c;0.00048809335
PRPPS;amp_c;8.4385276e-05
PRPPS;prpp_c;1.41e-05
PRPPS;h_c;0.0009965055
PSSYN;udpgalfur_c;0.00013783397
PSSYN;h_c;0.0
PSSYN;udp_c;0.0
PSSYN;udpgltn_c;0.0
PTAr;accoa_c;0.0005535
PTAr;pi_c;0.0052910000000000006
PTAr;actp_c;0.00023730000000000002
PTAr;coa_c;2.2e-05
PUNP1;adn_c;0.0007652000000000001
PUNP1;pi_c;0.0021387
PUNP1;ade_c;0.004013200000000001
PUNP1;r1p_c;1.4200000000000001e-05
PUNP2;dad_2_c;0.0007005000000000001
PUNP2;pi_c;0.0021382
PUNP2;2dr1p_c;1.43e-05
PUNP2;ade_c;0.0040135
PUNP3;gsn_c;0.0012701000000000001
PUNP3;pi_c;0.0021432
PUNP3;gua_c;0.0018086
PUNP3;r1p_c;1.32e-05
PUNP4;dgsn_c;0.000183
PUNP4;pi_c;0.0022063
PUNP4;2dr1p_c;4.9e-06
PUNP4;gua_c;0.0017535
PYK;adp_c;0.00028020978
PYK;pep_c;7.539999999999999e-05
PYK;atp_c;0.0
PYK;pyr_c;0.0
PYK;h_c;0.0018439826
PYK2;pep_c;7.3e-05
PYK2;udp_c;0.0002814
PYK2;pyr_c;0.0
PYK2;utp_c;0.0
PYK2;h_c;0.0018439826
PYK3;gdp_c;0.0001449093
PYK3;pep_c;7.5e-05
PYK3;gtp_c;0.0
PYK3;pyr_c;0.0
PYK3;h_c;0.0018439826
PYK4;cdp_c;0.00027327105
PYK4;pep_c;7.12e-05
PYK4;ctp_c;0.0
PYK4;pyr_c;0.0
PYK4;h_c;0.0018439826
PYK5;dadp_c;6.436055e-05
PYK5;pep_c;7.910000000000001e-05
PYK5;datp_c;0.0
PYK5;pyr_c;0.0
PYK5;h_c;0.0018439826
PYK6;dgdp_c;7.744194e-05
PYK6;pep_c;7.910000000000001e-05
PYK6;dgtp_c;0.0
PYK6;pyr_c;0.0
PYK6;h_c;0.0018439826
PYK7;dcdp_c;8.277512e-05
PYK7;pep_c;7.99e-05
PYK7;dctp_c;0.0
PYK7;pyr_c;0.0
PYK7;h_c;0.0018439826
PYK8;dtdp_c;4.6429314e-05
PYK8;pep_c;7.9e-05
PYK8;dttp_c;0.0
PYK8;pyr_c;0.0
PYK8;h_c;0.0018439826
PYK9;dudp_c;4.6664674e-05
PYK9;pep_c;7.84e-05
PYK9;dutp_c;0.0
PYK9;pyr_c;0.0
PYK9;h_c;0.0018439826
PYRt2r;h_c;1e-10
PYRt2r;pyr_c;1e-10
PYRt2r;h_e;1e-10
PYRt2r;pyr_e;1e-10
PdhC_transl;alatrna_c;0.00011275135
PdhC_transl;argtrna_c;1.7739205e-05
PdhC_transl;asntrna_c;3.046574e-05
PdhC_transl;asptrna_c;2.3541579e-05
PdhC_transl;atp_c;9.1447e-05
PdhC_transl;cystrna_c;1.8813739e-05
PdhC_transl;fmettrna_c;2.0142656e-05
PdhC_transl;glntrna_c;2.3078203e-05
PdhC_transl;glutrna_c;1.4505514e-05
PdhC_transl;glytrna_c;2.0780131e-05
PdhC_transl;h2o_c;0.00064949876
PdhC_transl;histrna_c;2.1460885e-05
PdhC_transl;iletrna_c;2.1290457e-05
PdhC_transl;leutrna_c;2.8429413e-05
PdhC_transl;lystrna_c;3.1138996e-05
PdhC_transl;mettrna_c;1.6587868e-05
PdhC_transl;phetrna_c;1.43377e-05
PdhC_transl;protrna_c;2.452396e-05
PdhC_transl;sertrna_c;3.9790455e-05
PdhC_transl;thrtrna_c;5.0979707e-05
PdhC_transl;trptrna_c;1.2031804e-05
PdhC_transl;tyrtrna_c;1.1764041e-05
PdhC_transl;valtrna_c;2.2397226e-05
PdhC_transl;adp_c;0.0
PdhC_transl;for_c;0.0
PdhC_transl;h_c;0.0
PdhC_transl;pi_c;0.0
PdhC_transl;PdhC_c;0.0
PdhC_transl;trnaala_c;0.0
PdhC_transl;trnaarg_c;0.0
PdhC_transl;trnaasn_c;0.0
PdhC_transl;trnaasp_c;0.0
PdhC_transl;trnacys_c;0.0
PdhC_transl;trnagln_c;0.0
PdhC_transl;trnaglu_c;0.0
PdhC_transl;trnagly_c;0.0
PdhC_transl;trnahis_c;0.0
PdhC_transl;trnaile_c;0.0
PdhC_transl;trnaleu_c;0.0
PdhC_transl;trnalys_c;0.0
PdhC_transl;trnamet_c;0.0
PdhC_transl;trnaphe_c;0.0
PdhC_transl;trnapro_c;0.0
PdhC_transl;trnaser_c;0.0
PdhC_transl;trnathr_c;0.0
PdhC_transl;trnatrp_c;0.0
PdhC_transl;trnatyr_c;0.0
PdhC_transl;trnaval_c;0.0
Protein_degrad;atp_c;0.00018982615
Protein_degrad;h2o_c;0.0009669449
Protein_degrad;protein_c;0.0002709511
Protein_degrad;adp_c;0.0
Protein_degrad;ala__L_c;0.0
Protein_degrad;arg__L_c;0.0
Protein_degrad;asn__L_c;0.0
Protein_degrad;asp__L_c;0.0
Protein_degrad;cys__L_c;0.0
Protein_degrad;gln__L_c;0.0
Protein_degrad;glu__L_c;0.0
Protein_degrad;gly_c;0.0
Protein_degrad;h_c;0.0
Protein_degrad;his__L_c;0.0
Protein_degrad;ile__L_c;0.0
Protein_degrad;leu__L_c;0.0
Protein_degrad;lys__L_c;0.0
Protein_degrad;met__L_c;0.0
Protein_degrad;phe__L_c;0.0
Protein_degrad;pi_c;0.0
Protein_degrad;pro__L_c;0.0
Protein_degrad;ser__L_c;0.0
Protein_degrad;thr__L_c;0.0
Protein_degrad;trp__L_c;0.0
Protein_degrad;tyr__L_c;0.0
Protein_degrad;val__L_c;0.0
Protein_transl;alatrna_c;0.00016885042
Protein_transl;argtrna_c;1.9279206e-05
Protein_transl;asntrna_c;4.7181603e-05
Protein_transl;asptrna_c;2.5851583e-05
Protein_transl;atp_c;0.00018046415
Protein_transl;cystrna_c;2.0271258e-05
Protein_transl;fmettrna_c;2.1675624e-05
Protein_transl;glntrna_c;2.3078203e-05
Protein_transl;glutrna_c;1.4505514e-05
Protein_transl;glytrna_c;2.6061537e-05
Protein_transl;h2o_c;0.00096780235
Protein_transl;histrna_c;2.2675984e-05
Protein_transl;iletrna_c;2.3393968e-05
Protein_transl;leutrna_c;2.9237958e-05
Protein_transl;lystrna_c;4.571027e-05
Protein_transl;mettrna_c;1.948272e-05
Protein_transl;phetrna_c;1.43377e-05
Protein_transl;protrna_c;2.907942e-05
Protein_transl;sertrna_c;5.433904e-05
Protein_transl;thrtrna_c;5.0979707e-05
Protein_transl;trptrna_c;1.2031804e-05
Protein_transl;tyrtrna_c;1.2448396e-05
Protein_transl;valtrna_c;2.6269458e-05
Protein_transl;adp_c;0.0
Protein_transl;for_c;0.0
Protein_transl;h_c;0.0
Protein_transl;met__L_c;0.0
Protein_transl;pi_c;0.0
Protein_transl;protein_c;0.0
Protein_transl;trnaala_c;0.0
Protein_transl;trnaarg_c;0.0
Protein_transl;trnaasn_c;0.0
Protein_transl;trnaasp_c;0.0
Protein_transl;trnacys_c;0.0
Protein_transl;trnagln_c;0.0
Protein_transl;trnaglu_c;0.0
Protein_transl;trnagly_c;0.0
Protein_transl;trnahis_c;0.0
Protein_transl;trnaile_c;0.0
Protein_transl;trnaleu_c;0.0
Protein_transl;trnalys_c;0.0
Protein_transl;trnamet_c;0.0
Protein_transl;trnaphe_c;0.0
Protein_transl;trnapro_c;0.0
Protein_transl;trnaser_c;0.0
Protein_transl;trnathr_c;0.0
Protein_transl;trnatrp_c;0.0
Protein_transl;trnatyr_c;0.0
Protein_transl;trnaval_c;0.0
RBFK;atp_c;0.000107133426
RBFK;ribflv_c;3.3419803e-05
RBFK;adp_c;0.0
RBFK;fmn_c;0.0
RBFK;h_c;0.0
RIBFLVabc;ribflv_c;0.0
RIBFLVabc;adp_c;0.0
RIBFLVabc;h_c;0.0
RIBFLVabc;pi_c;0.0
RIBFLVabc;atp_c;0.00013
RIBFLVabc;h2o_c;0.00013
RIBFLVabc;ribflv_e;0.00013
RNAP;RNA_c;0.0
RNAP;adp_c;0.0
RNAP;h_c;0.0
RNAP;pi_c;0.0
RNAP;ppi_c;0.0
RNAP;atp_c;0.00013
RNAP;ctp_c;0.00013
RNAP;gtp_c;0.00013
RNAP;h2o_c;0.00013
RNAP;utp_c;0.00013
RNA_degrad;amp_c;0.0
RNA_degrad;cmp_c;0.0
RNA_degrad;gmp_c;0.0
RNA_degrad;h_c;0.0
RNA_degrad;ump_c;0.0
RNA_degrad;RNA_c;0.00013
RNA_degrad;h2o_c;0.00013
RNDR1;adp_c;0.000119143814
RNDR1;trdrd_c;2.6041443e-05
RNDR1;dadp_c;0.0
RNDR1;trdox_c;0.0
RNDR1;h2o_c;0.0
RNDR2;gdp_c;6.2111292e-05
RNDR2;trdrd_c;2.6041443e-05
RNDR2;dgdp_c;0.0
RNDR2;trdox_c;0.0
RNDR2;h2o_c;0.0
RNDR3;cdp_c;0.00012765396
RNDR3;trdrd_c;2.6041443e-05
RNDR3;dcdp_c;0.0
RNDR3;trdox_c;0.0
RNDR3;h2o_c;0.0
RNDR4;trdrd_c;2.6041443e-05
RNDR4;udp_c;0.00013132702
RNDR4;dudp_c;0.0
RNDR4;trdox_c;0.0
RNDR4;h2o_c;0.0
RPE;xu5p__D_c;0.0029022
RPE;ru5p__D_c;0.0019567
RPI;ru5p__D_c;0.0021524
RPI;r5p_c;0.0033617
SER4P;ser__L_c;0.0
SER4P;h2o_c;0.00013
SER4P;ser4_c;0.00013
SER4abc;adp_c;0.0
SER4abc;h_c;0.0
SER4abc;pi_c;0.0
SER4abc;ser4_c;0.0
SER4abc;atp_c;0.00013
SER4abc;h2o_c;0.00013
SER4abc;ser4_e;0.00013
SERTRS;atp_c;4.8096072e-05
SERTRS;ser__L_c;0.00017140214
SERTRS;amp_c;0.0
SERTRS;ppi_c;0.0
SERTRS;sertrna_c;0.0
SERTRS;trnaser_c;0.00013
SERt2r;h_c;0.0
SERt2r;ser__L_c;0.0
SERt2r;h_e;0.00013
SERt2r;ser__L_e;0.00013
SPRMabc;sprm_c;0.0
SPRMabc;adp_c;0.0
SPRMabc;h_c;0.0
SPRMabc;pi_c;0.0
SPRMabc;atp_c;0.00013
SPRMabc;h2o_c;0.00013
SPRMabc;sprm_e;0.00013
TAGt;tag_e;1e-10
TAGt;tag_c;1e-10
TALA;e4p_c;4.01e-05
TALA;f6p_c;0.0006688
TALA;g3p_c;0.0019
TALA;s7p_c;0.000285
THMDabc;atp_c;0.0006
THMDabc;thymd_c;0.0
THMDabc;pi_c;0.0
THMDabc;adp_c;0.0
THMDabc;h_c;0.0
THMDabc;h2o_c;0.00013
THMDabc;thymd_e;0.00013
THMPPabc;thmpp_c;0.0
THMPPabc;adp_c;0.0
THMPPabc;h_c;0.0
THMPPabc;pi_c;0.0
THMPPabc;atp_c;0.00013
THMPPabc;h2o_c;0.00013
THMPPabc;thmpp_e;0.00013
THR4P;thr__L_c;0.0
THR4P;h2o_c;0.00013
THR4P;thr4_c;0.00013
THR4abc;adp_c;0.0
THR4abc;h_c;0.0
THR4abc;pi_c;0.0
THR4abc;thr4_c;0.0
THR4abc;atp_c;0.00013
THR4abc;h2o_c;0.00013
THR4abc;thr4_e;0.00013
THRTRS;atp_c;0.000109290436
THRTRS;thr__L_c;0.00043061662
THRTRS;amp_c;0.0
THRTRS;ppi_c;0.0
THRTRS;thrtrna_c;0.0
THRTRS;trnathr_c;0.00013
THRt2r;h_c;0.0
THRt2r;thr__L_c;0.0
THRt2r;h_e;0.00013
THRt2r;thr__L_e;0.00013
TKT1;g3p_c;0.0007430000000000001
TKT1;s7p_c;0.0037298
TKT1;r5p_c;0.00047170000000000003
TKT1;xu5p__D_c;0.000134
TKT2;f6p_c;0.00025
TKT2;g3p_c;0.0007430000000000001
TKT2;e4p_c;2.2700000000000003e-05
TKT2;xu5p__D_c;0.000134
TMDK1;atp_c;7.861654e-05
TMDK1;thymd_c;3.811973e-06
TMDK1;adp_c;0.0
TMDK1;dtmp_c;0.0
TMDK1;h_c;0.0
TMPK;atp_c;5.2400000000000007e-05
TMPK;dtmp_c;1.68e-05
TMPK;adp_c;9.58e-05
TMPK;dtdp_c;9.58e-05
TPI;dhap_c;7.7e-05
TPI;g3p_c;8.400000000000001e-05
TRDR;nadph_c;4.68e-05
TRDR;trdox_c;1.29e-05
TRDR;nadp_c;0.0
TRDR;trdrd_c;0.0
TRDR;h_c;0.00023885
TRP4P;trp__L_c;0.0
TRP4P;h2o_c;0.00013
TRP4P;trp4_c;0.00013
TRP4abc;adp_c;0.0
TRP4abc;h_c;0.0
TRP4abc;pi_c;0.0
TRP4abc;trp4_c;0.0
TRP4abc;atp_c;0.00013
TRP4abc;h2o_c;0.00013
TRP4abc;trp4_e;0.00013
TRPTRS;atp_c;8.489654e-05
TRPTRS;trp__L_c;1.4120064e-05
TRPTRS;amp_c;0.0
TRPTRS;ppi_c;0.0
TRPTRS;trptrna_c;0.0
TRPTRS;trnatrp_c;0.00013
TRPt2r;h_c;0.0
TRPt2r;trp__L_c;0.0
TRPt2r;h_e;0.00013
TRPt2r;trp__L_e;0.00013
TYR4P;tyr__L_c;0.0
TYR4P;h2o_c;0.00013
TYR4P;tyr4_c;0.00013
TYR4abc;adp_c;0.0
TYR4abc;h_c;0.0
TYR4abc;pi_c;0.0
TYR4abc;tyr4_c;0.0
TYR4abc;atp_c;0.00013
TYR4abc;h2o_c;0.00013
TYR4abc;tyr4_e;0.00013
TYRTRS;atp_c;0.00016701554
TYRTRS;tyr__L_c;7.544148e-05
TYRTRS;amp_c;0.0
TYRTRS;ppi_c;0.0
TYRTRS;tyrtrna_c;0.0
TYRTRS;trnatyr_c;0.00013
TYRt2r;h_c;0.0
TYRt2r;tyr__L_c;0.0
TYRt2r;h_e;0.00013
TYRt2r;tyr__L_e;0.00013
UDPG4E;udpg_c;0.0290953
UDPG4E;udpgal_c;0.0001181
UDPGALM;udpgal_c;0.0003042
UDPGALM;udpgalfur_c;0.00045000000000000004
UMPK;atp_c;0.0023428
UMPK;ump_c;0.00029509999999999996
UMPK;adp_c;9.62e-05
UMPK;udp_c;9.62e-05
UPPRT;prpp_c;8.400000000000001e-05
UPPRT;ura_c;4.07e-06
UPPRT;ppi_c;0.0
UPPRT;ump_c;0.0
URAt2;h_c;0.0
URAt2;ura_c;0.0
URAt2;h_e;1e-10
URAt2;ura_e;1e-10
URIabc;atp_c;0.0006
URIabc;uri_c;0.0
URIabc;pi_c;0.0
URIabc;adp_c;0.0
URIabc;h_c;0.0
URIabc;h2o_c;0.00013
URIabc;uri_e;0.00013
VAL4P;val__L_c;0.0
VAL4P;h2o_c;0.00013
VAL4P;val4_c;0.00013
VAL4abc;adp_c;0.0
VAL4abc;h_c;0.0
VAL4abc;pi_c;0.0
VAL4abc;val4_c;0.0
VAL4abc;atp_c;0.00013
VAL4abc;h2o_c;0.00013
VAL4abc;val4_e;0.00013
VALTRS;atp_c;8.170637e-05
VALTRS;val__L_c;0.00019899529
VALTRS;amp_c;0.0
VALTRS;ppi_c;0.0
VALTRS;valtrna_c;0.0
VALTRS;trnaval_c;0.00013
VALt2r;h_c;0.0
VALt2r;val__L_c;0.0
VALt2r;h_e;0.00013
VALt2r;val__L_e;0.00013
dUTPase_transl;alatrna_c;0.00012917104
dUTPase_transl;argtrna_c;1.500912e-05
dUTPase_transl;asntrna_c;4.2411417e-05
dUTPase_transl;asptrna_c;2.5851583e-05
dUTPase_transl;atp_c;0.0001126558
dUTPase_transl;cystrna_c;2.0271258e-05
dUTPase_transl;fmettrna_c;2.8389916e-05
dUTPase_transl;glntrna_c;2.3078203e-05
dUTPase_transl;glutrna_c;1.4505514e-05
dUTPase_transl;glytrna_c;1.9895297e-05
dUTPase_transl;h2o_c;0.0005455787
dUTPase_transl;histrna_c;2.1441683e-05
dUTPase_transl;iletrna_c;1.6121447e-05
dUTPase_transl;leutrna_c;3.4854595e-05
dUTPase_transl;lystrna_c;2.4442416e-05
dUTPase_transl;phetrna_c;9.94848e-06
dUTPase_transl;protrna_c;2.1633878e-05
dUTPase_transl;sertrna_c;5.433904e-05
dUTPase_transl;thrtrna_c;5.0979707e-05
dUTPase_transl;trptrna_c;7.5160954e-06
dUTPase_transl;tyrtrna_c;7.6301415e-06
dUTPase_transl;valtrna_c;2.6269458e-05
dUTPase_transl;adp_c;0.0
dUTPase_transl;for_c;0.0
dUTPase_transl;h_c;0.0
dUTPase_transl;pi_c;0.0
dUTPase_transl;dUTPase_c;0.0
dUTPase_transl;trnaala_c;0.0
dUTPase_transl;trnaarg_c;0.0
dUTPase_transl;trnaasn_c;0.0
dUTPase_transl;trnaasp_c;0.0
dUTPase_transl;trnacys_c;0.0
dUTPase_transl;trnagln_c;0.0
dUTPase_transl;trnaglu_c;0.0
dUTPase_transl;trnagly_c;0.0
dUTPase_transl;trnahis_c;0.0
dUTPase_transl;trnaile_c;0.0
dUTPase_transl;trnaleu_c;0.0
dUTPase_transl;trnalys_c;0.0
dUTPase_transl;trnamet_c;0.0
dUTPase_transl;trnaphe_c;0.0
dUTPase_transl;trnapro_c;0.0
dUTPase_transl;trnaser_c;0.0
dUTPase_transl;trnathr_c;0.0
dUTPase_transl;trnatrp_c;0.0
dUTPase_transl;trnatyr_c;0.0
dUTPase_transl;trnaval_c;0.0
