id;name;type;lb;ub;expression;proteins;GPR;enzyme_mass
5FTHFPGS;5FTHFPGS;metabolic;0.0;1000.0; 5fthf_c + 2.0 atp_c + 2.0 glu__L_c -->  5fthfglu3_c + 2.0 adp_c + 2.0 h_c + 2.0 pi_c;1.0 protein_0823;none;43441.875
5FTHFabc;5FTHF ABC transporter;transporter;0.0;1000.0; 5fthf_e +  atp_c +  h2o_c -->  5fthf_c +  adp_c +  h_c +  pi_c;2.0 protein_0641 + 1.0 protein_0642 + 1.0 protein_0643 + 2.0 protein_0822;and;206372.99439999997
ACALDt;Acetaldehyde reversible transport;transporter;0.0;1000.0; acald_c <=>  acald_e;1.0 spontaneous_protein;none;1.0
ACKr;Acetate kinase;metabolic;-1000.0;1000.0; actp_c +  adp_c <=>  ac_c +  atp_c;2.0 protein_0230;none;88104.6072
ACPPAT;ACPPAT;metabolic;-1000.0;1000.0; ACP_c +  ap_c <=>  ACP_R_c +  pi_c;2.0 protein_0419;none;73550.394
ACPS;Acyl Carrier Protein Synthase;metabolic;0.0;1000.0; apoACP_c +  coa_c -->  ACP_c +  h_c +  pap_c;1.0 protein_0513 + 1.0 protein_0621;and;21018.3832
ACP_transl;ACP protein translation;metabolic;0.0;1000.0;2.0 alatrna_c + 3.0 argtrna_c + 3.0 asntrna_c + 8.0 asptrna_c + 169.0 atp_c +  fmettrna_c + 3.0 glntrna_c + 6.0 glutrna_c + 3.0 glytrna_c + 172.0 h2o_c + 7.0 iletrna_c + 13.0 leutrna_c + 7.0 lystrna_c + 2.0 mettrna_c +  phetrna_c + 6.0 sertrna_c + 3.0 thrtrna_c +  tyrtrna_c + 4.0 valtrna_c --> 169.0 adp_c +  apoACP_c +  for_c + 242.0 h_c +  met__L_c + 169.0 pi_c + 2.0 trnaala_c + 3.0 trnaarg_c + 3.0 trnaasn_c + 8.0 trnaasp_c + 3.0 trnagln_c + 6.0 trnaglu_c + 3.0 trnagly_c + 7.0 trnaile_c + 13.0 trnaleu_c + 7.0 trnalys_c + 3.0 trnamet_c +  trnaphe_c + 6.0 trnaser_c + 3.0 trnathr_c +  trnatyr_c + 4.0 trnaval_c;1.0 protein_0201 + 1.0 protein_0621 + 1.0 protein_0650;and;59691.9216
ACt;Acetate transporter;transporter;-1000.0;6.9; ac_c +  h_c <=>  ac_e +  h_e;1.0 spontaneous_protein;none;1.0
ADEt2;Adenine transport in via proton symport;transporter;0.0;1000.0; ade_e +  h_e -->  ade_c +  h_c;1.0 spontaneous_protein;none;1.0
ADK1;Adenylate kinase;metabolic;-1000.0;1000.0; amp_c +  atp_c <=> 2.0 adp_c;1.0 protein_0651;none;24488.090799999998
ADNabc;ADN ABC transporter;transporter;0.0;1000.0; adn_e +  atp_c +  h2o_c -->  adn_c +  adp_c +  h_c +  pi_c;1.0 protein_0008 + 1.0 protein_0009 + 1.0 protein_0010 + 1.0 protein_0011;and;252470.6645
ADPT;Adenine phosphoribosyltransferase;metabolic;0.0;1000.0; ade_c +  prpp_c -->  amp_c +  ppi_c;2.0 protein_0413;none;38558.5006
AGDC;N-acetylglucosamine-6-phosphate deacetylase;metabolic;0.0;1000.0; acgam6p_c +  h2o_c -->  ac_c +  gam6p_c;1.0 protein_0493;none;50828.4522
AGPAT;1-acylglycerol-3-phosphate O-acyltransferase;metabolic;0.0;1000.0; 1ag3p_c +  ACP_R_c -->  ACP_c +  pa_c;1.0 protein_0512;none;37058.952900000004
AHCi;Adenosylhomocysteinase;metabolic;0.0;1000.0; ahcys_c +  h2o_c -->  adn_c +  hcys__L_c;1.0 protein_0381;none;25285.1307
ALA4P;ALA - oligopeptide peptidase;metabolic;0.0;1000.0; ala4_c + 3.0 h2o_c --> 4.0 ala__L_c;1.0 protein_0305;or;40671.8827
ALA4abc;ALA - oligopeptide ABC importer;transporter;0.0;1000.0; ala4_e +  atp_c +  h2o_c -->  adp_c +  ala4_c +  h_c +  pi_c;1.0 protein_0165 + 1.0 protein_0166 + 1.0 protein_0167 + 1.0 protein_0168 + 1.0 protein_0169;and;340197.90989999997
ALATRS;Alanyl-tRNA synthetase;metabolic;0.0;1000.0; ala__L_c +  atp_c +  trnaala_c -->  alatrna_c +  amp_c +  ppi_c;1.0 protein_0163;none;103846.6842
ALAt2r;ALA import via proton symport;transporter;0.0;1000.0; ala__L_e +  h_e -->  ala__L_c +  h_c;1.0 protein_0878;or;56636.4234
AMANK;N-acetyl-D-mannosamine kinase;metabolic;0.0;1000.0; acmana_c +  atp_c -->  acmanap_c +  adp_c +  h_c;1.0 protein_0495;none;32928.4135
AMANPEr;AMANPEr;metabolic;-1000.0;1000.0; acmanap_c <=>  acgam6p_c;1.0 protein_0494;none;25472.368899999998
AMANabc;AMAN ABC transporter;transporter;0.0;0.0; acmana_e +  atp_c +  h2o_c -->  acmana_c +  adp_c +  h_c +  pi_c;1.0 spontaneous_protein;none;1.0
APG3PAT;APG3PAT;metabolic;0.0;1000.0; ap_c +  glyc3p_c -->  1ag3p_c +  pi_c;1.0 protein_0117;none;28543.8342
ARG4P;ARG - oligopeptide peptidase;metabolic;0.0;1000.0; arg4_c + 3.0 h2o_c --> 4.0 arg__L_c;1.0 protein_0305;or;40671.8827
ARG4abc;ARG - oligopeptide ABC importer;transporter;0.0;1000.0; arg4_e +  atp_c +  h2o_c -->  adp_c +  arg4_c +  h_c +  pi_c;1.0 protein_0165 + 1.0 protein_0166 + 1.0 protein_0167 + 1.0 protein_0168 + 1.0 protein_0169;and;340197.90989999997
ARGTRS;Arginyl-tRNA synthetase;metabolic;0.0;1000.0; arg__L_c +  atp_c +  trnaarg_c -->  amp_c +  argtrna_c +  ppi_c;1.0 protein_0535;none;63337.647699999994
ARGt2r;ARG import via proton symport;transporter;0.0;1000.0; arg__L_e +  h_e -->  arg__L_c +  h_c;1.0 protein_0878;or;56636.4234
ASN4P;ASN - oligopeptide peptidase;metabolic;0.0;1000.0; asn4_c + 3.0 h2o_c --> 4.0 asn__L_c;1.0 protein_0305;or;40671.8827
ASN4abc;ASN - oligopeptide ABC importer;transporter;0.0;1000.0; asn4_e +  atp_c +  h2o_c -->  adp_c +  asn4_c +  h_c +  pi_c;1.0 protein_0165 + 1.0 protein_0166 + 1.0 protein_0167 + 1.0 protein_0168 + 1.0 protein_0169;and;340197.90989999997
ASNTRS;Asparaginyl-tRNA synthetase;metabolic;0.0;1000.0; asn__L_c +  atp_c +  trnaasn_c -->  amp_c +  asntrna_c +  ppi_c;2.0 protein_0076;none;104960.1084
ASNt2r;ASN import via proton symport;transporter;0.0;1000.0; asn__L_e +  h_e -->  asn__L_c +  h_c;1.0 protein_0878;or;56636.4234
ASP4P;ASP - oligopeptide peptidase;metabolic;0.0;1000.0; asp4_c + 3.0 h2o_c --> 4.0 asp__L_c;1.0 protein_0305;or;40671.8827
ASP4abc;ASP - oligopeptide ABC importer;transporter;0.0;1000.0; asp4_e +  atp_c +  h2o_c -->  adp_c +  asp4_c +  h_c +  pi_c;1.0 protein_0165 + 1.0 protein_0166 + 1.0 protein_0167 + 1.0 protein_0168 + 1.0 protein_0169;and;340197.90989999997
ASPTRS;Aspartyl-tRNA synthetase;metabolic;0.0;1000.0; asp__L_c +  atp_c +  trnaasp_c -->  amp_c +  asptrna_c +  ppi_c;2.0 protein_0287;none;133189.8016
ASPt2pr;ASP import via proton symport;transporter;0.0;1000.0; asp__L_e + 2.0 h_e -->  asp__L_c + 2.0 h_c;1.0 protein_0886;none;56967.485199999996
ATPase;ATPase;transporter;-1000.0;-0.575; adp_c + 4.0 h_e +  pi_c <--  atp_c +  h2o_c + 3.0 h_c;1.0 protein_0789 + 3.0 protein_0790 + 1.0 protein_0791 + 3.0 protein_0792 + 1.0 protein_0793 + 2.0 protein_0794 + 10.0 protein_0795 + 1.0 protein_0796;and;570761.6285
BPNT;3',5'-bisphosphate nucleotidase;metabolic;0.0;1000.0; h2o_c +  pap_c -->  amp_c +  pi_c;1.0 protein_0139;none;36092.4783
CA2abc;Calcium transport via ABC system;transporter;0.0;1000.0; atp_c +  ca2_e +  h2o_c -->  adp_c +  ca2_c +  h_c +  pi_c;1.0 protein_0879;none;100905.9807
CHOLt;Cholestrol transport via diffusion;transporter;-1000.0;1000.0; chsterol_e <=>  chsterol_c;1.0 spontaneous_protein;none;1.0
CLPNS;Cardiolipin synthase;metabolic;0.0;1000.0;2.0 pg_c -->  clpn_c +  glyc_c;1.0 protein_0147;none;59892.14659999999
CLt;Chloride transport via diffusion;transporter;-1000.0;1000.0; cl_e <=>  cl_c;1.0 spontaneous_protein;none;1.0
CO2t;CO2 transporter via diffusion;transporter;-1000.0;1000.0; co2_e <=>  co2_c;1.0 spontaneous_protein;none;1.0
COAabc;COA ABC transporter;transporter;0.0;1000.0; atp_c +  coa_e +  h2o_c -->  adp_c +  coa_c +  h_c +  pi_c;2.0 protein_0641 + 1.0 protein_0642 + 1.0 protein_0643 + 2.0 protein_0836;and;225725.14139999996
CTPDP;CTPDP;metabolic;0.0;1000.0; ctp_c +  h2o_c -->  cmp_c +  h_c +  ppi_c;1.0 average_protein;none;39937.604725982535
CTPS2;CTP synthase (glutamine);metabolic;0.0;1000.0; atp_c +  gln__L_c +  h2o_c +  utp_c -->  adp_c +  ctp_c +  glu__L_c + 2.0 h_c +  pi_c;4.0 protein_0129;none;238603.2488
CTPSDUMP;CTPSDUMP;metabolic;0.0;1000.0; atp_c +  dump_c +  gln__L_c +  h2o_c -->  adp_c +  dcmp_c +  glu__L_c + 2.0 h_c +  pi_c;4.0 protein_0129;none;238603.2488
CYSTRS;Cysteinyl-tRNA synthetase;metabolic;0.0;1000.0; atp_c +  cys__L_c +  trnacys_c -->  amp_c +  cystrna_c +  ppi_c;1.0 protein_0837;none;51777.0184
CYSt2r;CYS import via proton symport;transporter;0.0;1000.0; cys__L_e +  h_e -->  cys__L_c +  h_c;1.0 protein_0878;or;56636.4234
CYTDabc;CYTD ABC transporter;transporter;0.0;1000.0; atp_c +  cytd_e +  h2o_c -->  adp_c +  cytd_c +  h_c +  pi_c;1.0 protein_0008 + 1.0 protein_0009 + 1.0 protein_0010 + 1.0 protein_0011;and;252470.6645
CYTK1;Cytidylate kinase (CMP);metabolic;-1000.0;1000.0; atp_c +  cmp_c <=>  adp_c +  cdp_c;1.0 protein_0347;none;25458.1922
CYTK2;Cytidylate kinase (dCMP);metabolic;-1000.0;1000.0; atp_c +  dcmp_c <=>  adp_c +  dcdp_c;1.0 protein_0347;none;25458.1922
DADK;Deoxyadenylate kinase;metabolic;-1000.0;1000.0; atp_c +  damp_c <=>  adp_c +  dadp_c;1.0 protein_0651;none;24488.090799999998
DADNK;Deoxyadenosine kinase;metabolic;0.0;1000.0; atp_c +  dad_2_c -->  adp_c +  damp_c +  h_c;1.0 protein_0330;or;24277.6268
DADNabc;DADN ABC transporter;transporter;0.0;1000.0; atp_c +  dad_2_e +  h2o_c -->  adp_c +  dad_2_c +  h_c +  pi_c;1.0 protein_0008 + 1.0 protein_0009 + 1.0 protein_0010 + 1.0 protein_0011;and;252470.6645
DAGGALT;DAGGALT;metabolic;0.0;1000.0; 12dgr_c +  udpgalfur_c -->  galfur12dgr_c +  h_c +  udp_c;1.0 protein_0114;or;35820.4947
DAGPST;DAGPST;metabolic;0.0;1000.0; 12dgr_c +  udpgltn_c -->  h_c +  lgltn_c +  udp_c;1.0 protein_0114;none;35820.4947
DASYN;DASYN;metabolic;0.0;1000.0; ctp_c +  h_c +  pa_c -->  cdpdag_c +  ppi_c;1.0 protein_0304;none;39789.2917
DCDPMP;DCDPMP;metabolic;0.0;1000.0; dcdp_c +  h2o_c -->  dcmp_c +  h_c +  pi_c;1.0 average_protein;none;39937.604725982535
DCMPDA;DCMP deaminase;metabolic;0.0;1000.0; dcmp_c +  h2o_c -->  dump_c +  nh3_c;1.0 protein_0515;none;18347.8102
DCTPDP;Nucleoside triphosphate pyrophosphorylase (dctp);metabolic;0.0;1000.0; dctp_c +  h2o_c -->  dcmp_c +  h_c +  ppi_c;1.0 average_protein;none;39937.604725982535
DCTPMP;DCTPMP;metabolic;0.0;1000.0; dctp_c +  h2o_c -->  dcdp_c +  h_c +  pi_c;1.0 average_protein;none;39937.604725982535
DCYTK;DCYTK;metabolic;0.0;1000.0; atp_c +  dcyt_c -->  adp_c +  dcmp_c +  h_c;1.0 protein_0330 + 1.0 protein_0382;or;24795.0578
DCYTabc;DCYT ABC transporter;transporter;0.0;1000.0; atp_c +  dcyt_e +  h2o_c -->  adp_c +  dcyt_c +  h_c +  pi_c;1.0 protein_0008 + 1.0 protein_0009 + 1.0 protein_0010 + 1.0 protein_0011;and;252470.6645
DGK1;Deoxyguanylate kinase (dGMP:ATP);metabolic;-1000.0;1000.0; atp_c +  dgmp_c <=>  adp_c +  dgdp_c;1.0 protein_0203;none;34241.868
DGSNK;DGSNK;metabolic;0.0;1000.0; atp_c +  dgsn_c -->  adp_c +  dgmp_c +  h_c;1.0 protein_0330 + 1.0 protein_0382;or;24795.0578
DGSNabc;DGSN ABC transporter;transporter;0.0;1000.0; atp_c +  dgsn_e +  h2o_c -->  adp_c +  dgsn_c +  h_c +  pi_c;1.0 protein_0008 + 1.0 protein_0009 + 1.0 protein_0010 + 1.0 protein_0011;and;252470.6645
DNAP;DNA polymerase reaction;metabolic;0.0;1000.0;137.0 atp_c + 38.0 datp_c + 12.0 dctp_c + 12.0 dgtp_c + 38.0 dttp_c + 137.0 h2o_c -->  DNA_c + 137.0 adp_c + 137.0 h_c + 137.0 pi_c + 100.0 ppi_c;1.0 average_protein;none;39937.604725982535
DRPA;Deoxyribose-phosphate aldolase;metabolic;-1000.0;1000.0; 2dr5p_c <=>  acald_c +  g3p_c;1.0 protein_0732;none;24278.9489
DURIK1;Deoxyuridine kinase (ATP:Deoxyuridine);metabolic;0.0;1000.0; atp_c +  duri_c -->  adp_c +  dump_c +  h_c;4.0 protein_0140;none;95769.1424
DURIabc;DURI ABC transporter;transporter;0.0;1000.0; atp_c +  duri_e +  h2o_c -->  adp_c +  duri_c +  h_c +  pi_c;1.0 protein_0008 + 1.0 protein_0009 + 1.0 protein_0010 + 1.0 protein_0011;and;252470.6645
DUTPDP;DUTP diphosphatase;metabolic;0.0;1000.0; dutp_c +  h2o_c -->  dump_c +  h_c +  ppi_c;1.0 protein_0447;none;20086.3905
ENO;Enolase;metabolic;-1000.0;1000.0; 2pg_c <=>  h2o_c +  pep_c;1.0 protein_0213;none;49547.015199999994
FAKr;Fatty acid kinase;metabolic;-1000.0;1000.0; atp_c +  fa_c <=>  adp_c +  ap_c;1.0 protein_0420 + 1.0 protein_0616 + 1.0 protein_0617;and;124838.65280000001
FAt;Fatty acid transport via diffusion;transporter;-1000.0;1000.0; fa_e <=>  fa_c;1.0 spontaneous_protein;none;1.0
FBA;Fructose-bisphosphate aldolase;metabolic;-1000.0;1000.0; fdp_c <=>  dhap_c +  g3p_c;1.0 protein_0131;none;32786.4369
FMETTRS;Methionyl-tRNA formyltransferase;metabolic;0.0;1000.0; 10fthfglu3_c +  mettrna_c -->  fmettrna_c +  h_c +  thfglu3_c;1.0 protein_0390;none;35953.5671
FMNAT;FMN adenylyltransferase;metabolic;0.0;1000.0; atp_c +  fmn_c +  h_c -->  fad_c +  ppi_c;1.0 protein_0291;none;21308.542699999998
FORt;Formate transport via diffusion;transporter;-1000.0;1000.0; for_e <=>  for_c;1.0 spontaneous_protein;none;1.0
FTHFCL;5 formethyltetrahydrofolate cyclo ligase;metabolic;0.0;1000.0; 5fthfglu3_c +  atp_c -->  adp_c +  methfglu3_c +  pi_c;1.0 protein_0443;none;22092.4306
G6PDA;Glucosamine-6-phosphate deaminase;metabolic;-1000.0;1000.0; gam6p_c +  h2o_c <=>  f6p_c +  h_c +  nh3_c;1.0 protein_0726;none;27540.2371
GALU;UTP-glucose-1-phosphate uridylyltransferase (irreversible);metabolic;-1000.0;1000.0; g1p_c +  h_c +  utp_c <=>  ppi_c +  udpg_c;1.0 protein_0115;none;33067.707
GAMpts;D-glucosamine transport via PEP:Pyr PTS;transporter;0.0;0.0; gam_e +  pep_c -->  gam6p_c +  pyr_c;1.0 protein_0233 + 1.0 protein_0234 + 1.0 protein_0694 + 2.0 protein_0779;and;252254.994
GAPD;Glyceraldehyde-3-phosphate dehydrogenase;metabolic;-1000.0;1000.0; g3p_c +  nad_c +  pi_c <=>  13dpg_c +  h_c +  nadh_c;4.0 protein_0607;none;147939.8144
GAPDP;GAPDP;metabolic;0.0;1000.0; g3p_c +  h2o_c +  nadp_c -->  3pg_c + 2.0 h_c +  nadph_c;1.0 protein_0451;none;51908.3869
GHMT;Glycine hydroxymethyltransferase  reversible  mitochondrial;metabolic;-1000.0;1000.0; ser__L_c +  thfglu3_c <=>  gly_c +  h2o_c +  mlthfglu3_c;2.0 protein_0799;none;91295.3148
GHMT2;Glycine hydroxymethyltransferase, reversible;metabolic;0.01;1000.0; h2o_c +  methfglu3_c -->  5fthfglu3_c +  h_c;2.0 protein_0799;none;91295.3148
GK1;Guanylate kinase (GMP:ATP);metabolic;-1000.0;1000.0; atp_c +  gmp_c <=>  adp_c +  gdp_c;2.0 protein_0203;none;68483.736
GLCpts;D-glucose transport via PEP:Pyr PTS;transporter;0.0;7.4; glc__D_e +  pep_c -->  g6p_c +  pyr_c;1.0 protein_0233 + 1.0 protein_0694 + 1.0 protein_0234 + 1.0 protein_0779;and;171538.3531
GLN4P;GLN - oligopeptide peptidase;metabolic;0.0;1000.0; gln4_c + 3.0 h2o_c --> 4.0 gln__L_c;1.0 protein_0305;or;40671.8827
GLN4abc;GLN - oligopeptide ABC importer;transporter;0.0;1000.0; atp_c +  gln4_e +  h2o_c -->  adp_c +  gln4_c +  h_c +  pi_c;1.0 protein_0165 + 1.0 protein_0166 + 1.0 protein_0167 + 1.0 protein_0168 + 1.0 protein_0169;and;340197.90989999997
GLNTRAT;Glutamyl-tRNA(Gln) amidotransferase;metabolic;0.0;1000.0; atp_c +  gln__L_c +  glutrnagln_c +  h2o_c -->  adp_c +  glntrna_c +  glu__L_c +  h_c +  pi_c;1.0 protein_0687 + 1.0 protein_0688 + 1.0 protein_0689;and;120596.16589999999
GLNTRAT2;GLNTRAT2;metabolic;0.0;1000.0; asn__L_c +  atp_c +  glutrnagln_c +  h2o_c -->  adp_c +  asp__L_c +  glntrna_c +  h_c +  pi_c;1.0 protein_0687 + 1.0 protein_0688 + 1.0 protein_0689;and;120596.16589999999
GLNt2r;GLN import via proton symport;transporter;0.0;1000.0; gln__L_e +  h_e -->  gln__L_c +  h_c;1.0 protein_0878;or;56636.4234
GLU4P;GLU - oligopeptide peptidase;metabolic;0.0;1000.0; glu4_c + 3.0 h2o_c --> 4.0 glu__L_c;1.0 protein_0305;or;40671.8827
GLU4abc;GLU - oligopeptide ABC importer;transporter;0.0;1000.0; atp_c +  glu4_e +  h2o_c -->  adp_c +  glu4_c +  h_c +  pi_c;1.0 protein_0165 + 1.0 protein_0166 + 1.0 protein_0167 + 1.0 protein_0168 + 1.0 protein_0169;and;340197.90989999997
GLUTRS;Glutamyl-tRNA synthetase;metabolic;0.0;1000.0; atp_c +  glu__L_c +  trnaglu_c -->  amp_c +  glutrna_c +  ppi_c;1.0 protein_0126;none;56388.491299999994
GLUTRS_Gln;Glutamyl-tRNA synthetase (Gln);metabolic;0.0;1000.0; atp_c +  glu__L_c +  trnagln_c -->  amp_c +  glutrnagln_c +  ppi_c;1.0 protein_0126;none;56388.491299999994
GLUt2pr;GLU import via proton symport;transporter;0.0;1000.0; glu__L_e + 2.0 h_e -->  glu__L_c + 2.0 h_c;1.0 protein_0886;none;56967.485199999996
GLY4P;GLY - oligopeptide peptidase;metabolic;0.0;1000.0; gly4_c + 3.0 h2o_c --> 4.0 gly_c;1.0 protein_0305;or;40671.8827
GLY4abc;GLY - oligopeptide ABC importer;transporter;0.0;1000.0; atp_c +  gly4_e +  h2o_c -->  adp_c +  gly4_c +  h_c +  pi_c;1.0 protein_0165 + 1.0 protein_0166 + 1.0 protein_0167 + 1.0 protein_0168 + 1.0 protein_0169;and;340197.90989999997
GLYCt;Glycerol transport via channel;transporter;-1000.0;0.193; glyc_e <=>  glyc_c;1.0 spontaneous_protein;none;1.0
GLYK;Glycerol kinase;metabolic;0.0;1000.0; atp_c +  glyc_c -->  adp_c +  glyc3p_c +  h_c;1.0 protein_0218;none;57133.37870000001
GLYTRS;Glycyl-tRNA synthetase;metabolic;0.0;1000.0; atp_c +  gly_c +  trnagly_c -->  amp_c +  glytrna_c +  ppi_c;2.0 protein_0405;none;106816.67240000001
GLYt2r;GLY import via proton symport;transporter;0.0;1000.0; gly_e +  h_e -->  gly_c +  h_c;1.0 protein_0878;or;56636.4234
GSNabc;GSN ABC transporter;transporter;0.0;1000.0; atp_c +  gsn_e +  h2o_c -->  adp_c +  gsn_c +  h_c +  pi_c;1.0 protein_0008 + 1.0 protein_0009 + 1.0 protein_0010 + 1.0 protein_0011;and;252470.6645
GUAPRT;Guanine phosphoribosyltransferase;metabolic;0.0;1000.0; gua_c +  prpp_c -->  gmp_c +  ppi_c;1.0 protein_0216;none;21880.1678
GUAt2;Guanine reversible transport via proton symport;transporter;0.0;1000.0; gua_e +  h_e -->  gua_c +  h_c;1.0 spontaneous_protein;none;1.0
H2Ot;H2O transport via diffusion;transporter;-1000.0;1000.0; h2o_e <=>  h2o_c;1.0 spontaneous_protein;none;1.0
HCYSt;L-Homocystein transport via diffusion;transporter;0.0;1000.0; hcys__L_c -->  hcys__L_e;1.0 spontaneous_protein;none;1.0
HIS4P;HIS - oligopeptide peptidase;metabolic;0.0;1000.0;3.0 h2o_c +  his4_c --> 4.0 his__L_c;1.0 protein_0305;or;40671.8827
HIS4abc;HIS - oligopeptide ABC importer;transporter;0.0;1000.0; atp_c +  h2o_c +  his4_e -->  adp_c +  h_c +  his4_c +  pi_c;1.0 protein_0165 + 1.0 protein_0166 + 1.0 protein_0167 + 1.0 protein_0168 + 1.0 protein_0169;and;340197.90989999997
HISTRS;Histidyl-tRNA synthetase;metabolic;0.0;1000.0; atp_c +  his__L_c +  trnahis_c -->  amp_c +  histrna_c +  ppi_c;2.0 protein_0288;none;96864.327
HISt2r;HIS import via proton symport;transporter;0.0;1000.0; h_e +  his__L_e -->  h_c +  his__L_c;1.0 protein_0878;or;56636.4234
Ht;Proton diffusion;transporter;0.0;1000.0; h_e -->  h_c;1.0 spontaneous_protein;none;1.0
ILETRS;Isoleucyl-tRNA synthetase;metabolic;0.0;1000.0; atp_c +  ile__L_c +  trnaile_c -->  amp_c +  iletrna_c +  ppi_c;1.0 protein_0519;none;106254.9456
ISO4P;ISO - oligopeptide peptidase;metabolic;0.0;1000.0;3.0 h2o_c +  ile4_c --> 4.0 ile__L_c;1.0 protein_0305;or;40671.8827
ISO4abc;ISO - oligopeptide ABC importer;transporter;0.0;1000.0; atp_c +  h2o_c +  ile4_e -->  adp_c +  h_c +  ile4_c +  pi_c;1.0 protein_0165 + 1.0 protein_0166 + 1.0 protein_0167 + 1.0 protein_0168 + 1.0 protein_0169;and;340197.90989999997
ISOt2r;ISO import via proton symport;transporter;0.0;1000.0; h_e +  ile__L_e -->  h_c +  ile__L_c;1.0 protein_0878;or;56636.4234
Kt6;Kt6;transporter;0.0;1000.0; atp_c +  h2o_c +  k_e +  na1_c -->  adp_c +  h_c +  k_c +  na1_e +  pi_c;1.0 protein_0685 + 1.0 protein_0686;and;87609.4795
LDH_L;L-lactate dehydrogenase;metabolic;-1000.0;1000.0; h_c +  nadh_c +  pyr_c <=>  lac__L_c +  nad_c;4.0 protein_0475;none;138292.8616
LEU4P;LEU - oligopeptide peptidase;metabolic;0.0;1000.0;3.0 h2o_c +  leu4_c --> 4.0 leu__L_c;1.0 protein_0305;or;40671.8827
LEU4abc;LEU - oligopeptide ABC importer;transporter;0.0;1000.0; atp_c +  h2o_c +  leu4_e -->  adp_c +  h_c +  leu4_c +  pi_c;1.0 protein_0165 + 1.0 protein_0166 + 1.0 protein_0167 + 1.0 protein_0168 + 1.0 protein_0169;and;340197.90989999997
LEUTRS;Leucyl-tRNA synthetase;metabolic;0.0;1000.0; atp_c +  leu__L_c +  trnaleu_c -->  amp_c +  leutrna_c +  ppi_c;1.0 protein_0634;none;93148.1598
LEUt2r;LEU import via proton symport;transporter;0.0;1000.0; h_e +  leu__L_e -->  h_c +  leu__L_c;1.0 protein_0878;or;56636.4234
LIPTA;LIPTA;transporter;0.0;1000.0; PdhC_c +  atp_c +  h2o_c +  lplys__L_e -->  adp_c +  h_c +  lpl_PdhC_c +  lys__L_c +  pi_c;1.0 protein_0401;none;73895.63500000001
LYS4P;LYS - oligopeptide peptidase;metabolic;0.0;1000.0;3.0 h2o_c +  lys4_c --> 4.0 lys__L_c;1.0 protein_0305;or;40671.8827
LYS4abc;LYS - oligopeptide ABC importer;transporter;0.0;1000.0; atp_c +  h2o_c +  lys4_e -->  adp_c +  h_c +  lys4_c +  pi_c;1.0 protein_0165 + 1.0 protein_0166 + 1.0 protein_0167 + 1.0 protein_0168 + 1.0 protein_0169;and;340197.90989999997
LYSTRS;Lysyl-tRNA synthetase;metabolic;0.0;1000.0; atp_c +  lys__L_c +  trnalys_c -->  amp_c +  lystrna_c +  ppi_c;2.0 protein_0064;none;116183.3258
LYSt2r;LYS import via proton symport;transporter;0.0;1000.0; h_e +  lys__L_e -->  h_c +  lys__L_c;1.0 protein_0878;or;56636.4234
L_LACt2r;L lactate reversible transport via proton symport;transporter;0.0;1000.0; h_c +  lac__L_c <=>  h_e +  lac__L_e;1.0 spontaneous_protein;none;1.0
MAN6PI;Mannose-6-phosphate isomerase;metabolic;-1000.0;1000.0; man6p_c <=>  f6p_c;1.0 protein_0435;none;35817.2803
MANpts;D-mannose transport via PEP:Pyr PTS;transporter;0.0;0.0; man_e +  pep_c -->  man6p_c +  pyr_c;1.0 protein_0233 + 1.0 protein_0234 + 1.0 protein_0694 + 2.0 protein_0779;and;252254.994
MAT;Methionine adenosyltransferase;metabolic;0.0;1000.0; atp_c +  h2o_c +  met__L_c -->  amet_c +  pi_c +  ppi_c;4.0 protein_0432;none;172959.0808
MET4P;MET - oligopeptide peptidase;metabolic;0.0;1000.0;3.0 h2o_c +  met4_c --> 4.0 met__L_c;1.0 protein_0305;or;40671.8827
MET4abc;MET - oligopeptide ABC importer;transporter;0.0;1000.0; atp_c +  h2o_c +  met4_e -->  adp_c +  h_c +  met4_c +  pi_c;1.0 protein_0165 + 1.0 protein_0166 + 1.0 protein_0167 + 1.0 protein_0168 + 1.0 protein_0169;and;340197.90989999997
METTRS;Methionyl-tRNA synthetase;metabolic;0.0;1000.0; atp_c +  met__L_c +  trnamet_c -->  amp_c +  mettrna_c +  ppi_c;1.0 protein_0012;none;59376.20049999999
METt2r;MET import via proton symport;transporter;0.0;1000.0; h_e +  met__L_e -->  h_c +  met__L_c;1.0 protein_0878;or;56636.4234
MG2abc;Magnesium transport via ABC system;transporter;0.0;1000.0; atp_c +  h2o_c +  mg2_e -->  adp_c +  h_c +  mg2_c +  pi_c;1.0 protein_0787;none;105897.91900000001
MTHFC;Methenyltetrahydrofolate cyclohydrolase;metabolic;-1000.0;1000.0; h2o_c +  methfglu3_c <=>  10fthfglu3_c +  h_c;2.0 protein_0684;none;64220.404599999994
MTHFD;Methylenetetrahydrofolate dehydrogenase (NADP);metabolic;-1000.0;1000.0; mlthfglu3_c +  nadp_c <=>  methfglu3_c +  nadph_c;2.0 protein_0684;none;64220.404599999994
NACabc;NAC ABC transporter;transporter;0.0;1000.0; atp_c +  h2o_c +  nac_e -->  adp_c +  h_c +  nac_c +  pi_c;2.0 protein_0314 + 2.0 protein_0641 + 1.0 protein_0642 + 1.0 protein_0643;and;210868.8174
NADHK;NADHK;metabolic;0.0;1000.0; atp_c +  nadh_c -->  adp_c +  h_c +  nadph_c;1.0 protein_0259;none;30587.9485
NADK;NAD kinase;metabolic;0.0;1000.0; atp_c +  nad_c -->  adp_c +  h_c +  nadp_c;1.0 protein_0259;none;30587.9485
NADS;NADS;metabolic;0.0;1000.0; atp_c +  dnad_c +  nh3_c -->  amp_c +  nad_c +  ppi_c;2.0 protein_0378;none;55481.3984
NAt;Sodium transport (uniport);transporter;0.0;1000.0; na1_e -->  na1_c;1.0 spontaneous_protein;none;1.0
NAt3;Sodium proton antiporter  HNA is 11;transporter;0.0;1000.0; h_e +  na1_c -->  h_c +  na1_e;1.0 spontaneous_protein;none;1.0
NCTPPRT;NAPRTase (rev);metabolic;0.0;1000.0; h_c +  nac_c +  prpp_c -->  nicrnt_c +  ppi_c;1.0 protein_0614;none;39994.040499999996
NH3t;Ammonia transport via diffusion;transporter;-1000.0;1000.0; nh3_e <=>  nh3_c;1.0 spontaneous_protein;none;1.0
NNATr;Nicotinate-nucleotide adenylyltransferase;metabolic;0.0;1000.0; atp_c +  h_c +  nicrnt_c -->  dnad_c +  ppi_c;1.0 protein_0380;none;43540.649300000005
NOX;NADH oxidase;metabolic;0.0;1000.0;2.0 h_c + 2.0 nadh_c +  o2_c --> 2.0 h2o_c + 2.0 nad_c;1.0 average_protein;none;39937.604725982535
NTD1;5'-nucleotidase (dUMP);metabolic;0.0;1000.0; dump_c +  h2o_c -->  duri_c +  pi_c;1.0 average_protein;none;39937.604725982535
NTD5;5'-nucleotidase (dTMP);metabolic;0.0;1000.0; dtmp_c +  h2o_c -->  pi_c +  thymd_c;1.0 average_protein;none;39937.604725982535
NTD6;5'-nucleotidase (dAMP);metabolic;0.0;1000.0; damp_c +  h2o_c -->  dad_2_c +  pi_c;1.0 average_protein;none;39937.604725982535
NTD8;5'-nucleotidase (dGMP);metabolic;0.0;1000.0; dgmp_c +  h2o_c -->  dgsn_c +  pi_c;1.0 average_protein;none;39937.604725982535
NTD9;5'-nucleotidase (GMP);metabolic;0.0;1000.0; gmp_c +  h2o_c -->  gsn_c +  pi_c;1.0 average_protein;none;39937.604725982535
O2t;O2 transport  diffusion;transporter;-1000.0;1000.0; o2_e <=>  o2_c;1.0 spontaneous_protein;none;1.0
P5Pabc;P5P ABC transporter;transporter;0.0;1000.0; atp_c +  h2o_c +  pydx5p_e -->  adp_c +  h_c +  pi_c +  pydx5p_c;2.0 protein_0345 + 2.0 protein_0641 + 1.0 protein_0642 + 1.0 protein_0643;and;224459.81079999998
PAPA;PAPA;metabolic;0.0;1000.0; h2o_c +  pa_c -->  12dgr_c +  pi_c;1.0 average_protein;none;39937.604725982535
PDH_E1;PDH_E1;metabolic;0.0;1000.0; h_c +  lpl_PdhC_c +  pyr_c -->  acdhlpl_PdhC_c +  co2_c;1.0 average_protein;none;39937.604725982535
PDH_E2;PDH_E2;metabolic;0.0;1000.0; acdhlpl_PdhC_c +  coa_c -->  accoa_c +  dhlpl_PdhC_c;1.0 protein_0227;none;46977.7019
PDH_E3;PDH_E3;metabolic;0.0;1000.0; dhlpl_PdhC_c +  nad_c -->  h_c +  lpl_PdhC_c +  nadh_c;1.0 protein_0228;none;67868.3159
PDH_acald;PDH_acald;metabolic;0.0;1000.0; acald_c +  coa_c +  lpl_PdhC_c -->  accoa_c +  dhlpl_PdhC_c;1.0 protein_0227;none;46977.7019
PFK;Phosphofructokinase;metabolic;0.0;1000.0; atp_c +  f6p_c -->  adp_c +  fdp_c +  h_c;4.0 protein_0220;none;140740.39279999997
PGI;Glucose-6-phosphate isomerase;metabolic;-1000.0;1000.0; g6p_c <=>  f6p_c;1.0 protein_0445;none;48448.0234
PGK;Phosphoglycerate kinase;metabolic;-1000.0;1000.0; 13dpg_c +  adp_c <=>  3pg_c +  atp_c;1.0 protein_0606;none;44368.5351
PGK2;Phosphoglycerate kinase PGK2;metabolic;-1000.0;1000.0; 13dpg_c +  dadp_c <=>  3pg_c +  datp_c;1.0 protein_0606;none;44368.5351
PGK3;Phosphoglycerate kinase PGK3;metabolic;-1000.0;1000.0; 13dpg_c +  gdp_c <=>  3pg_c +  gtp_c;1.0 protein_0606;none;44368.5351
PGK4;Phosphoglycerate kinase PGK4;metabolic;-1000.0;1000.0; 13dpg_c +  dgdp_c <=>  3pg_c +  dgtp_c;1.0 protein_0606;none;44368.5351
PGM;Phosphoglycerate mutase;metabolic;-1000.0;1000.0; 3pg_c <=>  2pg_c;1.0 protein_0729;none;60012.9004
PGMT;Phosphoglucomutase;metabolic;-1000.0;1000.0; g6p_c <=>  g1p_c;1.0 protein_0733;none;63865.12999999999
PGPP;PGPP;metabolic;0.0;1000.0; h2o_c +  pg3p_c -->  pg_c +  pi_c;1.0 protein_0214;none;31856.1691
PGSA;PGSA;metabolic;0.0;1000.0; cdpdag_c +  glyc3p_c -->  cmp_c +  h_c +  pg3p_c;1.0 protein_0875;none;22624.9809
PHE4P;PHE - oligopeptide peptidase;metabolic;0.0;1000.0;3.0 h2o_c +  phe4_c --> 4.0 phe__L_c;1.0 protein_0305;or;40671.8827
PHE4abc;PHE - oligopeptide ABC importer;transporter;0.0;1000.0; atp_c +  h2o_c +  phe4_e -->  adp_c +  h_c +  phe4_c +  pi_c;1.0 protein_0165 + 1.0 protein_0166 + 1.0 protein_0167 + 1.0 protein_0168 + 1.0 protein_0169;and;340197.90989999997
PHETRS;Phenylalanyl-tRNA synthetase;metabolic;0.0;1000.0; atp_c +  phe__L_c +  trnaphe_c -->  amp_c +  phetrna_c +  ppi_c;2.0 protein_0528 + 1.0 protein_0529;and;225078.9411
PHEt2r;PHE import via proton symport;transporter;0.0;1000.0; h_e +  phe__L_e -->  h_c +  phe__L_c;1.0 protein_0878;or;56636.4234
PIabc;Phosphate transport via ABC system;transporter;0.0;1000.0; atp_c +  h2o_c +  pi_e -->  adp_c +  h_c + 2.0 pi_c;1.0 protein_0425 + 1.0 protein_0426 + 1.0 protein_0427;and;152511.442
PPA;Inorganic diphosphatase;metabolic;0.0;1000.0; h2o_c +  ppi_c -->  h_c + 2.0 pi_c;6.0 protein_0344;none;128718.87719999999
PPM;Phosphopentomutase;metabolic;-1000.0;1000.0; r1p_c <=>  r5p_c;6.0 protein_0733;none;383190.7799999999
PPM2;Phosphopentomutase 2 (deoxyribose);metabolic;-1000.0;1000.0; 2dr1p_c <=>  2dr5p_c;6.0 protein_0733;none;383190.7799999999
PRO4P;PRO - oligopeptide peptidase;metabolic;0.0;1000.0;3.0 h2o_c +  pro4_c --> 4.0 pro__L_c;1.0 protein_0305;or;40671.8827
PRO4abc;PRO - oligopeptide ABC importer;transporter;0.0;1000.0; atp_c +  h2o_c +  pro4_e -->  adp_c +  h_c +  pi_c +  pro4_c;1.0 protein_0165 + 1.0 protein_0166 + 1.0 protein_0167 + 1.0 protein_0168 + 1.0 protein_0169;and;340197.90989999997
PROTRS;Prolyl-tRNA synthetase;metabolic;0.0;1000.0; atp_c +  pro__L_c +  trnapro_c -->  amp_c +  ppi_c +  protrna_c;2.0 protein_0282;none;110805.7262
PROt2r;PRO import via proton symport;transporter;0.0;1000.0; h_e +  pro__L_e -->  h_c +  pro__L_c;1.0 protein_0878;or;56636.4234
PRPPS;Phosphoribosylpyrophosphate synthetase;metabolic;-1000.0;1000.0; atp_c +  r5p_c <=>  amp_c +  h_c +  prpp_c;6.0 protein_0831;none;230139.8922
PSSYN;PSSYN;metabolic;0.0;1000.0;88.0 udpgalfur_c --> 87.0 h_c + 87.0 udp_c +  udpgltn_c;1.0 protein_0113;none;52779.820999999996
PTAr;Phosphotransacetylase;metabolic;-1000.0;1000.0; accoa_c +  pi_c <=>  actp_c +  coa_c;1.0 protein_0229;none;35639.6137
PUNP1;Purine-nucleoside phosphorylase (Adenosine);metabolic;-1000.0;1000.0; adn_c +  pi_c <=>  ade_c +  r1p_c;1.0 protein_0747;none;24512.5562
PUNP2;Purine-nucleoside phosphorylase (Deoxyadenosine);metabolic;-1000.0;1000.0; dad_2_c +  pi_c <=>  2dr1p_c +  ade_c;1.0 protein_0747;none;24512.5562
PUNP3;Purine-nucleoside phosphorylase (Guanosine);metabolic;-1000.0;1000.0; gsn_c +  pi_c <=>  gua_c +  r1p_c;1.0 protein_0747;none;24512.5562
PUNP4;Purine-nucleoside phosphorylase (Deoxyguanosine);metabolic;-1000.0;1000.0; dgsn_c +  pi_c <=>  2dr1p_c +  gua_c;1.0 protein_0747;none;24512.5562
PYK;Pyruvate kinase PYK;metabolic;0.0;1000.0; adp_c +  h_c +  pep_c -->  atp_c +  pyr_c;4.0 protein_0221;none;214487.748
PYK2;Pyruvate kinase PYK2;metabolic;0.0;1000.0; h_c +  pep_c +  udp_c -->  pyr_c +  utp_c;4.0 protein_0221;none;214487.748
PYK3;Pyruvate kinase PYK3;metabolic;0.0;1000.0; gdp_c +  h_c +  pep_c -->  gtp_c +  pyr_c;4.0 protein_0221;none;214487.748
PYK4;Pyruvate kinase PYK4;metabolic;0.0;1000.0; cdp_c +  h_c +  pep_c -->  ctp_c +  pyr_c;4.0 protein_0221;none;214487.748
PYK5;Pyruvate kinase PYK5;metabolic;0.0;1000.0; dadp_c +  h_c +  pep_c -->  datp_c +  pyr_c;4.0 protein_0221;none;214487.748
PYK6;Pyruvate kinase PYK6;metabolic;0.0;1000.0; dgdp_c +  h_c +  pep_c -->  dgtp_c +  pyr_c;4.0 protein_0221;none;214487.748
PYK7;Pyruvate kinase PYK7;metabolic;0.0;1000.0; dcdp_c +  h_c +  pep_c -->  dctp_c +  pyr_c;4.0 protein_0221;none;214487.748
PYK8;Pyruvate kinase PYK8;metabolic;0.0;1000.0; dtdp_c +  h_c +  pep_c -->  dttp_c +  pyr_c;4.0 protein_0221;none;214487.748
PYK9;Pyruvate kinase PYK9;metabolic;0.0;1000.0; dudp_c +  h_c +  pep_c -->  dutp_c +  pyr_c;4.0 protein_0221;none;214487.748
PYRt2r;Pyruvate reversible transport via proton symport;transporter;0.0;1000.0; h_c +  pyr_c <=>  h_e +  pyr_e;1.0 spontaneous_protein;none;1.0
PdhC_transl;PdhC protein translation;metabolic;0.0;1000.0;50.0 alatrna_c + 11.0 argtrna_c + 20.0 asntrna_c + 22.0 asptrna_c + 1023.0 atp_c +  cystrna_c +  fmettrna_c + 12.0 glntrna_c + 26.0 glutrna_c + 27.0 glytrna_c + 1025.0 h2o_c + 7.0 histrna_c + 36.0 iletrna_c + 28.0 leutrna_c + 35.0 lystrna_c + 13.0 mettrna_c + 13.0 phetrna_c + 27.0 protrna_c + 30.0 sertrna_c + 32.0 thrtrna_c +  trptrna_c + 6.0 tyrtrna_c + 43.0 valtrna_c -->  PdhC_c + 1023.0 adp_c +  for_c + 1464.0 h_c + 1023.0 pi_c + 50.0 trnaala_c + 11.0 trnaarg_c + 20.0 trnaasn_c + 22.0 trnaasp_c +  trnacys_c + 12.0 trnagln_c + 26.0 trnaglu_c + 27.0 trnagly_c + 7.0 trnahis_c + 36.0 trnaile_c + 28.0 trnaleu_c + 35.0 trnalys_c + 14.0 trnamet_c + 13.0 trnaphe_c + 27.0 trnapro_c + 30.0 trnaser_c + 32.0 trnathr_c +  trnatrp_c + 6.0 trnatyr_c + 43.0 trnaval_c;1.0 protein_0201 + 1.0 protein_0227;and;70276.9525
Protein_degrad;Protein degradation;metabolic;0.00035;1000.0;225.0 atp_c + 609.0 h2o_c +  protein_c --> 225.0 adp_c + 23.0 ala__L_c + 12.0 arg__L_c + 27.0 asn__L_c + 23.0 asp__L_c + 2.0 cys__L_c + 15.0 gln__L_c + 27.0 glu__L_c + 21.0 gly_c + 225.0 h_c + 5.0 his__L_c + 36.0 ile__L_c + 36.0 leu__L_c + 39.0 lys__L_c + 7.0 met__L_c + 16.0 phe__L_c + 225.0 pi_c + 11.0 pro__L_c + 23.0 ser__L_c + 22.0 thr__L_c + 3.0 trp__L_c + 13.0 tyr__L_c + 24.0 val__L_c;6.0 protein_0394;none;535135.4652
Protein_transl;Protein protein translation;metabolic;0.0;1000.0;23.0 alatrna_c + 12.0 argtrna_c + 27.0 asntrna_c + 23.0 asptrna_c + 896.0 atp_c + 2.0 cystrna_c +  fmettrna_c + 15.0 glntrna_c + 27.0 glutrna_c + 21.0 glytrna_c + 899.0 h2o_c + 5.0 histrna_c + 36.0 iletrna_c + 36.0 leutrna_c + 39.0 lystrna_c + 7.0 mettrna_c + 16.0 phetrna_c + 11.0 protrna_c + 23.0 sertrna_c + 22.0 thrtrna_c + 3.0 trptrna_c + 13.0 tyrtrna_c + 24.0 valtrna_c --> 896.0 adp_c +  for_c + 1282.0 h_c +  met__L_c + 896.0 pi_c +  protein_c + 23.0 trnaala_c + 12.0 trnaarg_c + 27.0 trnaasn_c + 23.0 trnaasp_c + 2.0 trnacys_c + 15.0 trnagln_c + 27.0 trnaglu_c + 21.0 trnagly_c + 5.0 trnahis_c + 36.0 trnaile_c + 36.0 trnaleu_c + 39.0 trnalys_c + 8.0 trnamet_c + 16.0 trnaphe_c + 11.0 trnapro_c + 23.0 trnaser_c + 22.0 trnathr_c + 3.0 trnatrp_c + 13.0 trnatyr_c + 24.0 trnaval_c;1.0 protein_0201 + 1.0 protein_0650;and;51383.3683
RBFK;Riboflavin kinase;metabolic;0.0;1000.0; atp_c +  ribflv_c -->  adp_c +  fmn_c +  h_c;1.0 protein_0291;none;21308.542699999998
RIBFLVabc;RIBFLV ABC transporter;transporter;0.0;1000.0; atp_c +  h2o_c +  ribflv_e -->  adp_c +  h_c +  pi_c +  ribflv_c;2.0 protein_0641 + 1.0 protein_0642 + 1.0 protein_0643 + 2.0 protein_0877;and;207816.97439999995
RNAP;RNA polymerase reaction;metabolic;0.0;1000.0;68.0 atp_c + 20.0 ctp_c + 25.0 gtp_c + 41.0 h2o_c + 28.0 utp_c -->  RNA_c + 41.0 adp_c + 41.0 h_c + 41.0 pi_c + 100.0 ppi_c;1.0 average_protein;none;39937.604725982535
RNA_degrad;RNA degradation;metabolic;0.0077;1000.0; RNA_c + 100.0 h2o_c --> 27.0 amp_c + 20.0 cmp_c + 25.0 gmp_c + 100.0 h_c + 28.0 ump_c;1.0 average_protein;none;39937.604725982535
RNDR1;Ribonucleoside-diphosphate reductase (ADP);metabolic;0.0;1000.0; adp_c +  trdrd_c -->  dadp_c +  h2o_c +  trdox_c;2.0 protein_0771 + 0.3 protein_0772 + 2.0 protein_0773;and;246806.74427
RNDR2;Ribonucleoside-diphosphate reductase (GDP);metabolic;0.0;1000.0; gdp_c +  trdrd_c -->  dgdp_c +  h2o_c +  trdox_c;2.0 protein_0771 + 0.3 protein_0772 + 2.0 protein_0773;and;246806.74427
RNDR3;Ribonucleoside-diphosphate reductase (CDP);metabolic;0.0;1000.0; cdp_c +  trdrd_c -->  dcdp_c +  h2o_c +  trdox_c;2.0 protein_0771 + 0.3 protein_0772 + 2.0 protein_0773;and;246806.74427
RNDR4;Ribonucleoside-diphosphate reductase (UDP);metabolic;0.0;1000.0; trdrd_c +  udp_c -->  dudp_c +  h2o_c +  trdox_c;2.0 protein_0771 + 0.3 protein_0772 + 2.0 protein_0773;and;246806.74427
RPE;Ribulose 5-phosphate 3-epimerase;metabolic;-1000.0;1000.0; xu5p__D_c <=>  ru5p__D_c;1.0 protein_0262;none;25688.3935
RPI;Ribose-5-phosphate isomerase;metabolic;-1000.0;1000.0; ru5p__D_c <=>  r5p_c;1.0 protein_0800;none;16044.1081
SER4P;SER - oligopeptide peptidase;metabolic;0.0;1000.0;3.0 h2o_c +  ser4_c --> 4.0 ser__L_c;1.0 protein_0305;or;40671.8827
SER4abc;SER - oligopeptide ABC importer;transporter;0.0;1000.0; atp_c +  h2o_c +  ser4_e -->  adp_c +  h_c +  pi_c +  ser4_c;1.0 protein_0165 + 1.0 protein_0166 + 1.0 protein_0167 + 1.0 protein_0168 + 1.0 protein_0169;and;340197.90989999997
SERTRS;Seryl-tRNA synthetase;metabolic;0.0;1000.0; atp_c +  ser__L_c +  trnaser_c -->  amp_c +  ppi_c +  sertrna_c;2.0 protein_0061;none;97520.9546
SERt2r;SER import via proton symport;transporter;0.0;1000.0; h_e +  ser__L_e -->  h_c +  ser__L_c;1.0 protein_0878;or;56636.4234
SPRMabc;SPRM ABC transporter;transporter;0.0;1000.0; atp_c +  h2o_c +  sprm_e -->  adp_c +  h_c +  pi_c +  sprm_c;1.0 protein_0195 + 1.0 protein_0196 + 1.0 protein_0197;and;196976.8894
TAGt;Triacylglycerol Transport;transporter;-1000.0;1000.0; tag_e <=>  tag_c;1.0 spontaneous_protein;none;1.0
TALA;Transaldolase;metabolic;-1000.0;1000.0; e4p_c +  f6p_c <=>  g3p_c +  s7p_c;1.0 average_protein;none;39937.604725982535
THMDabc;THMD ABC transporter;transporter;0.0;1000.0; atp_c +  h2o_c +  thymd_e -->  adp_c +  h_c +  pi_c +  thymd_c;1.0 protein_0008 + 1.0 protein_0009 + 1.0 protein_0010 + 1.0 protein_0011;and;252470.6645
THMPPabc;THMPP ABC transporter;transporter;0.0;1000.0; atp_c +  h2o_c +  thmpp_e -->  adp_c +  h_c +  pi_c +  thmpp_c;1.0 protein_0706 + 1.0 protein_0707 + 2.0 protein_0708;and;206569.22470000002
THR4P;THR - oligopeptide peptidase;metabolic;0.0;1000.0;3.0 h2o_c +  thr4_c --> 4.0 thr__L_c;1.0 protein_0305;or;40671.8827
THR4abc;THR - oligopeptide ABC importer;transporter;0.0;1000.0; atp_c +  h2o_c +  thr4_e -->  adp_c +  h_c +  pi_c +  thr4_c;1.0 protein_0165 + 1.0 protein_0166 + 1.0 protein_0167 + 1.0 protein_0168 + 1.0 protein_0169;and;340197.90989999997
THRTRS;Threonyl-tRNA synthetase;metabolic;0.0;1000.0; atp_c +  thr__L_c +  trnathr_c -->  amp_c +  ppi_c +  thrtrna_c;2.0 protein_0222;none;149201.02899999998
THRt2r;THR import via proton symport;transporter;0.0;1000.0; h_e +  thr__L_e -->  h_c +  thr__L_c;1.0 protein_0878;or;56636.4234
TKT1;Transketolase;metabolic;-1000.0;1000.0; g3p_c +  s7p_c <=>  r5p_c +  xu5p__D_c;2.0 protein_0316;none;145904.39479999998
TKT2;Transketolase;metabolic;-1000.0;1000.0; f6p_c +  g3p_c <=>  e4p_c +  xu5p__D_c;2.0 protein_0316;none;145904.39479999998
TMDK1;Thymidine kinase (ATP:thymidine);metabolic;0.0;1000.0; atp_c +  thymd_c -->  adp_c +  dtmp_c +  h_c;1.0 protein_0140;none;23942.2856
TMPK;Thiamine-phosphate kinase;metabolic;-1000.0;1000.0; atp_c +  dtmp_c <=>  adp_c +  dtdp_c;1.0 protein_0045;none;24436.776400000002
TPI;Triose-phosphate isomerase;metabolic;-1000.0;1000.0; dhap_c <=>  g3p_c;2.0 protein_0727;none;55040.6256
TRDR;Thioredoxin reductase (NADPH);metabolic;0.0;1000.0; h_c +  nadph_c +  trdox_c -->  nadp_c +  trdrd_c;8.0 protein_0065 + 2.0 protein_0819;and;159216.9758
TRP4P;TRP - oligopeptide peptidase;metabolic;0.0;1000.0;3.0 h2o_c +  trp4_c --> 4.0 trp__L_c;1.0 protein_0305;or;40671.8827
TRP4abc;TRP - oligopeptide ABC importer;transporter;0.0;1000.0; atp_c +  h2o_c +  trp4_e -->  adp_c +  h_c +  pi_c +  trp4_c;1.0 protein_0165 + 1.0 protein_0166 + 1.0 protein_0167 + 1.0 protein_0168 + 1.0 protein_0169;and;340197.90989999997
TRPTRS;Tryptophanyl-tRNA synthetase;metabolic;0.0;1000.0; atp_c +  trnatrp_c +  trp__L_c -->  amp_c +  ppi_c +  trptrna_c;2.0 protein_0308;none;76846.60979999999
TRPt2r;TRP import via proton symport;transporter;0.0;1000.0; h_e +  trp__L_e -->  h_c +  trp__L_c;1.0 protein_0878;or;56636.4234
TYR4P;TYR - oligopeptide peptidase;metabolic;0.0;1000.0;3.0 h2o_c +  tyr4_c --> 4.0 tyr__L_c;1.0 protein_0305;or;40671.8827
TYR4abc;TYR - oligopeptide ABC importer;transporter;0.0;1000.0; atp_c +  h2o_c +  tyr4_e -->  adp_c +  h_c +  pi_c +  tyr4_c;1.0 protein_0165 + 1.0 protein_0166 + 1.0 protein_0167 + 1.0 protein_0168 + 1.0 protein_0169;and;340197.90989999997
TYRTRS;Tyrosyl-tRNA synthetase;metabolic;0.0;1000.0; atp_c +  trnatyr_c +  tyr__L_c -->  amp_c +  ppi_c +  tyrtrna_c;2.0 protein_0613;none;94162.8104
TYRt2r;TYR import via proton symport;transporter;0.0;1000.0; h_e +  tyr__L_e -->  h_c +  tyr__L_c;1.0 protein_0878;or;56636.4234
UDPG4E;UDPglucose 4-epimerase;metabolic;-1000.0;1000.0; udpg_c <=>  udpgal_c;2.0 protein_0813;none;75382.4652
UDPGALM;UDPgalactopyranose mutase;metabolic;-1000.0;1000.0; udpgal_c <=>  udpgalfur_c;1.0 protein_0814;none;46415.2474
UMPK;UMP kinase;metabolic;-1000.0;1000.0; atp_c +  ump_c <=>  adp_c +  udp_c;6.0 protein_0537;none;156930.6564
UPPRT;Uracil phosphoribosyltransferase;metabolic;0.0;1000.0; prpp_c +  ura_c -->  ppi_c +  ump_c;1.0 protein_0798;none;23169.7229
URAt2;Uracil transport in via proton symport;transporter;0.0;1000.0; h_e +  ura_e -->  h_c +  ura_c;1.0 spontaneous_protein;none;1.0
URIabc;URI ABC transporter;transporter;0.0;1000.0; atp_c +  h2o_c +  uri_e -->  adp_c +  h_c +  pi_c +  uri_c;1.0 protein_0008 + 1.0 protein_0009 + 1.0 protein_0010 + 1.0 protein_0011;and;252470.6645
VAL4P;VAL - oligopeptide peptidase;metabolic;0.0;1000.0;3.0 h2o_c +  val4_c --> 4.0 val__L_c;1.0 protein_0305;or;40671.8827
VAL4abc;VAL - oligopeptide ABC importer;transporter;0.0;1000.0; atp_c +  h2o_c +  val4_e -->  adp_c +  h_c +  pi_c +  val4_c;1.0 protein_0165 + 1.0 protein_0166 + 1.0 protein_0167 + 1.0 protein_0168 + 1.0 protein_0169;and;340197.90989999997
VALTRS;Valyl-tRNA synthetase;metabolic;0.0;1000.0; atp_c +  trnaval_c +  val__L_c -->  amp_c +  ppi_c +  valtrna_c;1.0 protein_0260;none;103209.8101
VALt2r;VAL import via proton symport;transporter;0.0;1000.0; h_e +  val__L_e -->  h_c +  val__L_c;1.0 protein_0878;or;56636.4234
dUTPase_transl;dUTPase protein translation;metabolic;0.0;1000.0;4.0 alatrna_c + 2.0 argtrna_c + 28.0 asntrna_c + 9.0 asptrna_c + 387.0 atp_c + 2.0 cystrna_c +  fmettrna_c + 9.0 glntrna_c + 13.0 glutrna_c + 3.0 glytrna_c + 389.0 h2o_c +  histrna_c + 22.0 iletrna_c + 16.0 leutrna_c + 15.0 lystrna_c + 12.0 phetrna_c +  protrna_c + 9.0 sertrna_c + 5.0 thrtrna_c + 3.0 trptrna_c + 10.0 tyrtrna_c + 2.0 valtrna_c --> 387.0 adp_c +  dUTPase_c +  for_c + 554.0 h_c + 387.0 pi_c + 4.0 trnaala_c + 2.0 trnaarg_c + 28.0 trnaasn_c + 9.0 trnaasp_c + 2.0 trnacys_c + 9.0 trnagln_c + 13.0 trnaglu_c + 3.0 trnagly_c +  trnahis_c + 22.0 trnaile_c + 16.0 trnaleu_c + 15.0 trnalys_c +  trnamet_c + 12.0 trnaphe_c +  trnapro_c + 9.0 trnaser_c + 5.0 trnathr_c + 3.0 trnatrp_c + 10.0 trnatyr_c + 2.0 trnaval_c;1.0 protein_0201 + 1.0 protein_0447;and;43385.6411
